timestamp,sensor_1,sensor_2,temperature,pressure
2024-01-05 00:00:00,0.5109284797933551,1.3055635849214609,2.7006038221940463,-0.31114676006807135
2024-01-05 00:00:06,0.502313071850806,2.0452889521428896,2.6693589831691478,-0.14802357065010865
2024-01-05 00:00:12,0.626209636494255,1.6611053059624352,2.517120279053213,0.05668461623348156
2024-01-05 00:00:18,0.6228492326803905,1.7917025524197587,2.5626207031761687,-0.44363487018345954
2024-01-05 00:00:24,0.47034285074608123,1.625461620585918,2.468250697700159,-0.19946822632090974
2024-01-05 00:00:30,0.5793355965503062,1.4118129461478612,2.4067733014824784,-0.2968738949406197
2024-01-05 00:00:36,0.6441899861052297,1.595477515019883,2.367201689705755,-0.5189112743573598
2024-01-05 00:00:42,0.5789690955174298,1.7465604228197271,2.321205122122676,-0.5936558284447896
2024-01-05 00:00:48,0.5270126031168391,1.831689959857156,2.2649072595139956,-0.5154259671770827
2024-01-05 00:00:54,0.6056583796988972,1.8365071802297226,2.124337004840295,-0.3237677381396414
2024-01-05 00:01:00,0.4344779529878755,1.5572404342728674,1.9997280739324728,-0.6753844232609657
2024-01-05 00:01:06,0.7137356672882429,1.8197958349307035,2.0466858972982234,-0.66210292599715
2024-01-05 00:01:12,0.5269919499971096,1.9530564826228105,1.9584161272669325,-0.6010733085181661
2024-01-05 00:01:18,0.48325704244466433,1.5854955189206177,1.7037490784352332,-0.536110000290676
2024-01-05 00:01:24,0.4706131746726185,1.8367945674258201,1.754885635353651,-0.7315705015654609
2024-01-05 00:01:30,0.7493374878195692,1.6496159626269857,1.6662606564745872,-0.6556854560595267
2024-01-05 00:01:36,0.49477507833678425,1.892278457782274,1.4784294008485668,-0.5974176451344853
2024-01-05 00:01:42,0.47840906481399076,1.6145528837994179,1.4735093233597532,-0.7126160550599693
2024-01-05 00:01:48,0.6209055107640167,1.9459912105718706,1.3848823609867373,-0.7684575962174518
2024-01-05 00:01:54,0.5433088492918641,1.8907474114411447,1.2246433983287544,-0.40355160397198736
2024-01-05 00:02:00,0.810310385648181,1.6672295875122853,1.1453100365031534,-0.6300211381293995
2024-01-05 00:02:06,0.48448535746107513,1.931117361864248,1.0656772321772794,-0.5281109622013357
2024-01-05 00:02:12,0.6485728908432996,1.7500256623170842,1.0439508479232449,-0.854652257032396
2024-01-05 00:02:18,0.4673694144662922,2.0333623078549095,0.8673737430154652,-0.7497837262634882
2024-01-05 00:02:24,0.48829974163598416,1.6213187213128706,0.6903537993743214,-0.435795506316077
2024-01-05 00:02:30,0.577978197154777,1.5117894700207521,0.7866828960638771,-0.5901998457225697
2024-01-05 00:02:36,0.6413259205379966,1.86687916347144,0.5919738111259474,-0.6566319745871272
2024-01-05 00:02:42,0.9535973001154943,1.8535856084845952,0.5202499328513401,-0.13039293048251166
2024-01-05 00:02:48,0.6319901039302426,1.288517864075765,0.4652794396963874,-0.35456898855058494
2024-01-05 00:02:54,0.5625229995029708,1.7114309644643786,0.4417344982480494,-0.4473935689908856
2024-01-05 00:03:00,0.6305952894739452,1.4504401210849387,0.29928980364414,-0.2407416682782477
2024-01-05 00:03:06,0.5418849087087924,1.3030913165174205,0.2391379605123455,-0.1031139136411135
2024-01-05 00:03:12,0.5885355548637012,1.769360251890261,0.13852717513456553,-0.39025002543123355
2024-01-05 00:03:18,0.6563173507949581,1.4262897786392643,0.054017955205043336,-0.34211176505509067
2024-01-05 00:03:24,0.6204585140945725,1.5973610491790808,-0.028397669345970794,0.029692690658495204
2024-01-05 00:03:30,0.8013826357901175,1.6652515492905131,-0.06262409748281604,-0.454638271640046
2024-01-05 00:03:36,0.6139201544279023,1.4713602578997216,-0.16158912502438857,-0.4187852641901207
2024-01-05 00:03:42,0.700230574688772,1.4004978753529165,-0.22000077020873335,0.11109540141441272
2024-01-05 00:03:48,0.5344664774647124,1.9932812719167605,-0.31743729439520024,-0.1930621742464382
2024-01-05 00:03:54,0.4321342492274089,1.58495913283807,-0.25811075978580694,-0.14052473021004844
2024-01-05 00:04:00,0.5503805034252937,1.7394773794883998,-0.2885366801533945,-0.08099910421312935
2024-01-05 00:04:06,0.5996665396621793,1.5925415092241773,-0.3767661122683817,0.07887563887300085
2024-01-05 00:04:12,0.8112991533256602,1.5055933736251617,-0.45399455890612245,0.2139485051001096
2024-01-05 00:04:18,0.5780313158353513,1.5316273703074044,-0.4428677889768502,-0.0404595200558257
2024-01-05 00:04:24,0.7518527154023182,1.51142228796685,-0.5052120387338807,-0.18045760319757884
2024-01-05 00:04:30,0.733392693467082,1.4604369797956975,-0.5380044184668895,0.12289601260647362
2024-01-05 00:04:36,0.7965967025915125,1.5748354540454488,-0.5242800040656523,-0.37802314595392617
2024-01-05 00:04:42,0.6081215154581973,1.584614095257861,-0.669413209774704,-0.20446661745322556
2024-01-05 00:04:48,0.6194825265721583,1.5354353376044456,-0.677529726987334,-0.07444979450447298
2024-01-05 00:04:54,0.8404146115419536,1.2584675523055133,-0.6953067287210783,0.18091807293449785
2024-01-05 00:05:00,0.658759764967115,1.5142387229342982,-0.6819778331330392,-0.09686698786948143
2024-01-05 00:05:06,0.8512620536159549,1.5180363750902313,-0.7873742638633561,-0.11156327700405269
2024-01-05 00:05:12,0.6193662668022982,1.530662027712037,-0.8324838081265142,-0.005708874110752745
2024-01-05 00:05:18,0.7912578088345402,1.5305218371452196,-0.7864441433102748,-0.09875595876604171
2024-01-05 00:05:24,0.643446742231124,1.4047971754038053,-0.7815041256323894,0.15230653014582116
2024-01-05 00:05:30,0.7209580912665154,1.1727619983845663,-0.721860409678094,0.3092122746913288
2024-01-05 00:05:36,0.8649557498826812,1.1736830508344616,-0.7460296962456648,-0.045456448811566144
2024-01-05 00:05:42,0.5047951008032804,1.7100246201193243,-0.7431223567769186,0.265307636532019
2024-01-05 00:05:48,0.7316074620193534,1.1570680137295737,-0.8532702083857988,-0.06081685291339879
2024-01-05 00:05:54,0.7635525495354334,1.0888805546016804,-0.7719231039781207,0.10207231179425619
2024-01-05 00:06:00,0.5831332635853413,1.5403140623435165,-0.778932141934763,0.011813348755987491
2024-01-05 00:06:06,0.7015740936393707,1.0838555560666048,-0.8202098730639237,-0.1855841593159836
2024-01-05 00:06:12,0.8164829346627251,1.32274276023177,-0.7921828622291937,0.19516699361263232
2024-01-05 00:06:18,0.6979693364904673,0.7733680588536076,-0.7356093685990983,0.12844408879805905
2024-01-05 00:06:24,0.6148647350106765,1.2277846062739854,-0.8147581184231534,0.01041087640132916
2024-01-05 00:06:30,0.6904256414448681,0.9791812889567447,-0.7366097469471103,0.1542976077479111
2024-01-05 00:06:36,0.7947604670809254,1.4005636347394668,-0.6880157388146222,0.10964876446871966
2024-01-05 00:06:42,0.643152623263074,0.8921563853222055,-0.6981515009787168,0.08677899326663656
2024-01-05 00:06:48,0.7135724345074667,1.178437163501336,-0.6711605486985903,0.21996176180565474
2024-01-05 00:06:54,0.6974583201813291,0.6487669342532536,-0.7091986868894972,0.03041908943246882
2024-01-05 00:07:00,0.8199259563648926,1.154252848622476,-0.6480901095150248,0.44590907958871634
2024-01-05 00:07:06,0.6538709321623725,0.9323914435307235,-0.6849237873204789,0.39182172868858606
2024-01-05 00:07:12,0.7438293557871364,1.028451331501916,-0.7223290775587501,0.4396190727772139
2024-01-05 00:07:18,0.6524901255323944,1.1896337983899543,-0.6251464782036265,0.49147329466351114
2024-01-05 00:07:24,0.8525235563941013,1.0501203546299707,-0.6696047427983985,0.670851964417887
2024-01-05 00:07:30,0.794506558761973,0.8169997924847918,-0.6026925060340605,0.6753662655650312
2024-01-05 00:07:36,0.7716952420759866,1.113802084614287,-0.6028177456715076,0.5990501572872051
2024-01-05 00:07:42,0.6062384911553313,0.7969721766390537,-0.6804315356414207,0.5450142098853743
2024-01-05 00:07:48,0.7132017191518328,0.9778620445557384,-0.6516905836995903,0.507719047544023
2024-01-05 00:07:54,0.6805669824735281,1.1481259618777453,,0.5551238139685905
2024-01-05 00:08:00,0.6618915883028635,0.890785120412559,-0.7856443445162624,0.791972809457052
2024-01-05 00:08:06,0.7595587983352207,1.151031179433594,-0.67930761470305,0.4970513058702829
2024-01-05 00:08:12,0.5932171941725459,0.6490076289986637,-0.7144254448087832,0.5912288278779357
2024-01-05 00:08:18,0.6869201021840333,0.6335681221930127,-0.7683665700184928,0.6116099523292925
2024-01-05 00:08:24,0.7341220453623101,0.6860861335956243,-0.7412082843078256,0.29850515875772615
2024-01-05 00:08:30,0.7687724318828154,0.29520784491932495,-0.7782237033280243,0.6278750070254763
2024-01-05 00:08:36,0.9911268083692715,0.29461979332445093,-0.8007087783913742,0.37471324892185526
2024-01-05 00:08:42,0.7912238572933039,0.8374719969277712,-0.7771927809904058,0.6919773065036894
2024-01-05 00:08:48,0.8653781393532213,0.9333550939771386,-0.8481385322820839,0.2765055771821867
2024-01-05 00:08:54,0.8393794493138662,0.8684299716443412,-0.8671020516881071,0.2537626052416583
2024-01-05 00:09:00,0.7064967612147781,1.069230190460176,-0.8968420103152149,0.2278170498129321
2024-01-05 00:09:06,0.8559643763569185,0.8930794053504255,-0.9013964343419665,0.4558299902283146
2024-01-05 00:09:12,0.7786794655962156,0.7809970434412224,-0.9012395397837408,0.1561577845792105
2024-01-05 00:09:18,0.7518357984543828,0.8025775798537726,-0.9777600557099926,0.48853884493572125
2024-01-05 00:09:24,0.7802475883866424,0.7459494372984282,-1.056996216862025,0.5153578884570241
2024-01-05 00:09:30,0.8798656212004373,0.44595575039901486,-1.078057514628622,0.2735227198956799
2024-01-05 00:09:36,0.7349373294647209,0.67613082792066,-1.0928756580506076,-0.11103114190358637
2024-01-05 00:09:42,0.7672254032399058,0.5701688010795387,-1.0794916944950756,0.1078281167366323
2024-01-05 00:09:48,0.96558060698503,0.7898800949710769,-1.1773920326288683,0.3310985941071275
2024-01-05 00:09:54,0.6547036891470587,0.9603251936378575,-1.231979379913243,-0.35392165665486824
2024-01-05 00:10:00,0.8230801305457927,0.46986684690039515,-1.3275156112496242,-0.019575084543194465
2024-01-05 00:10:06,0.7444976205504424,0.8074339836193865,-1.4210874276111798,
2024-01-05 00:10:12,0.6421345665893041,0.691005765966577,-1.4427742653976834,-0.16913939416161125
2024-01-05 00:10:18,0.779778377076923,0.3193240591613944,-1.3340762454118866,-0.48416057385556766
2024-01-05 00:10:24,0.6855885379771541,0.5963697803631677,-1.4412971108398425,-0.5235571832745872
2024-01-05 00:10:30,0.5885672272476248,1.0766450267657022,-1.4574908887467966,-0.3669505433889622
2024-01-05 00:10:36,0.7148508095315256,0.7585333489696844,-1.504398636243987,-0.33939876688722764
2024-01-05 00:10:42,0.7535328345528863,0.5117987513093093,-1.5966152565890577,-0.4811998538104394
2024-01-05 00:10:48,0.7981666706249587,0.6843021010008995,-1.7929703051174455,-0.457146433217931
2024-01-05 00:10:54,0.8589787143743187,,-1.6555318745947807,-0.423880382422019
2024-01-05 00:11:00,0.7662021300474849,0.7583537868099441,-1.6639203009779524,-0.47792230382407175
2024-01-05 00:11:06,0.6314573582711446,0.5157069933284633,-1.857933545937204,-0.5806714561231423
2024-01-05 00:11:12,0.7527923748727328,0.17849019435222577,-1.8123737196544827,-0.6691476334841586
2024-01-05 00:11:18,0.738620298281391,0.6610560283896122,-1.8754229618444227,-0.6820774757122823
2024-01-05 00:11:24,0.7033720424096789,0.5636249986264038,-1.8988456327631678,-0.8813576013855041
2024-01-05 00:11:30,0.8036806508555292,0.34245987993565796,-1.870285741687543,-0.4311430070632878
2024-01-05 00:11:36,0.8804784671159673,0.2801571938978451,-1.8805221980586369,-0.5537074865628521
2024-01-05 00:11:42,0.8318454647411218,0.6347570996928844,-1.950926099800174,-0.532160294776471
2024-01-05 00:11:48,0.7932224264038722,0.3620471966873012,-1.8912069123243702,-0.658112540455665
2024-01-05 00:11:54,0.8716591764963052,0.384197798305432,-1.99223793147898,-0.669590384458192
2024-01-05 00:12:00,0.6226928496643622,0.6797693841831829,-2.041647762436556,-0.49238003693227106
2024-01-05 00:12:06,0.6884057006119906,0.4958342955184348,-2.049738530491515,-0.4048062229782067
2024-01-05 00:12:12,0.5956627260473022,0.48198837321957816,-2.0465170573860774,-0.6152583942676775
2024-01-05 00:12:18,0.6900445306122862,0.383991229182229,-2.10840179972394,-0.5497832176461614
2024-01-05 00:12:24,0.5958163657493608,0.47135276060210024,-2.1020013395370087,
2024-01-05 00:12:30,0.5463723217023282,0.23892120189985516,-2.0646925315678355,-0.2992040238374447
2024-01-05 00:12:36,0.6612332869676977,0.411652009522953,-2.1130967898239748,-0.586653749830744
2024-01-05 00:12:42,0.6297470011213834,0.5017354989308097,-2.047597341310909,-0.6164018175988358
2024-01-05 00:12:48,0.7227631680497907,0.21909191220382493,-2.1086977348612206,-0.4594314016765075
2024-01-05 00:12:54,0.6074848382512814,0.601598326178884,-2.106888225662128,-0.5544687200429161
2024-01-05 00:13:00,0.7316420657905475,0.2712440980472434,-1.9963178543847746,-0.2633295400373902
2024-01-05 00:13:06,0.7343080127218209,0.10973477807974753,-1.968387334818,-0.2631539853335989
2024-01-05 00:13:12,0.8293682556096734,0.5265032858965006,-1.983788587702619,-0.5964391297482404
2024-01-05 00:13:18,0.6232891757539872,0.27684830778479275,-1.964307830760689,-0.36121444463202007
2024-01-05 00:13:24,0.7394662752414625,0.4548640872880866,-1.8607226375692447,-0.10929911689697733
2024-01-05 00:13:30,0.6033176740948986,0.29100534791804955,-1.847487862419937,-0.49216159871906057
2024-01-05 00:13:36,0.7794743571477616,0.37894985020318855,-1.7909103064721994,0.0013310781805023885
2024-01-05 00:13:42,0.6730788604675759,0.24344571803059825,-1.731161694800864,-0.1071984484825092
2024-01-05 00:13:48,0.6051456023264524,0.24988661575000815,-1.741419393175613,-0.014454848203459133
2024-01-05 00:13:54,0.7318648309587775,0.12534866869259212,-1.7295561326263182,0.03976214326585439
2024-01-05 00:14:00,0.4906185889511998,0.4506152219773524,-1.5259869249061078,0.01814303968366824
2024-01-05 00:14:06,0.5888911532652809,0.6938159155457422,-1.4953095832849153,0.015966115757858515
2024-01-05 00:14:12,0.6673322125919416,0.39809284638504755,-1.4582544954868866,-0.06898234620024031
2024-01-05 00:14:18,0.6895174682836,0.3773956233195484,-1.3268519042634703,0.019139767831150394
2024-01-05 00:14:24,0.7512337512886808,0.36229066812310734,-1.237312770885374,0.04851579200787182
2024-01-05 00:14:30,0.7743247197523414,0.17850379106343095,-1.11755570517195,-0.008966039998425207
2024-01-05 00:14:36,0.5616825111004505,0.31521358207177275,-1.011185574745612,-0.17691962947822426
2024-01-05 00:14:42,0.7186167429288625,0.9850050160691914,-0.997803966775306,0.04579537199499867
2024-01-05 00:14:48,0.8220038359091767,0.33671744381610685,-0.8334850497468623,0.11923827853690892
2024-01-05 00:14:54,0.6410668329102982,0.27459856195899673,-0.7769006550057815,0.00680866357691292
2024-01-05 00:15:00,0.6734941340969458,0.7295791697673469,-0.6894688387588476,0.011504621764577764
2024-01-05 00:15:06,0.5377532517368356,0.4518148498021008,-0.5064947017084314,-0.039018417658243654
2024-01-05 00:15:12,0.7800404345454554,-0.19841920379448694,-0.4162664143454537,0.22495577174140366
2024-01-05 00:15:18,0.6858033022052186,0.18655673146552143,-0.2803911004022758,0.27552543538375723
2024-01-05 00:15:24,0.6630147934681888,0.5118603417913938,-0.18996565601622836,-0.012867108582893394
2024-01-05 00:15:30,0.6766173716890933,0.37880461273279953,-0.05284431097482176,0.11790360231861785
2024-01-05 00:15:36,0.7471288142248022,0.14486364047934036,0.06726138873884806,0.0016751796121391542
2024-01-05 00:15:42,0.7718716344658478,0.027078776100516292,0.2243716867053264,-0.11455215868324269
2024-01-05 00:15:48,0.8153678285922809,0.2832871390855103,0.17566376862858582,-0.2514204768289659
2024-01-05 00:15:54,0.5534854535465781,0.4478359906741402,0.37434538561214475,0.09083461255287988
2024-01-05 00:16:00,0.8690175666404004,0.46288571668254147,0.6080324216086607,0.24433734918528174
2024-01-05 00:16:06,0.5853772873889324,0.6123448955422119,0.6280682663601557,-0.08329725691833649
2024-01-05 00:16:12,0.8441405067616574,0.3108657825056244,0.906194502183304,0.36434715470358925
2024-01-05 00:16:18,0.6476569096303628,0.5663955804791388,0.821208958628742,0.25146894681310605
2024-01-05 00:16:24,0.5442018671172283,0.37847313860878296,1.0262904911495212,-0.009999862242314595
2024-01-05 00:16:30,0.6495392402070245,0.5879865764136022,1.1126838280830669,-0.003981403174694467
2024-01-05 00:16:36,0.6551449271175452,0.130742915330536,1.2469806656761002,0.0619309472976681
2024-01-05 00:16:42,0.6088380938518793,0.10864368458450765,1.365284778215437,-0.009602062707499791
2024-01-05 00:16:48,0.6246701325997724,0.31340918365415354,1.4453133596548111,0.23461676719273916
2024-01-05 00:16:54,0.6230761649096969,0.29311448349837865,1.5132816564938305,0.09932146020697351
2024-01-05 00:17:00,0.6369115409188473,0.39954647796263043,1.7556065922436936,0.1726583502101043
2024-01-05 00:17:06,0.48844447226089915,0.5531417146067621,1.8352724807516096,0.32835600812958277
2024-01-05 00:17:12,0.6339339541828211,0.37142925932186494,1.9402930735127162,0.5413536880569776
2024-01-05 00:17:18,0.7980030929026277,0.10771034589760617,1.9904649136123322,0.5625722334069906
2024-01-05 00:17:24,0.6874314565783782,0.29290760878066,2.0109223559202105,0.8903768627444139
2024-01-05 00:17:30,0.587232099852718,0.11052361954102863,2.2755545956490013,0.4798585671423669
2024-01-05 00:17:36,0.6584792844562775,0.3041359707551589,2.2918173476114836,0.7359997363291383
2024-01-05 00:17:42,0.7262354233322206,0.5821294081375387,2.4276290605680266,0.5674124910673696
2024-01-05 00:17:48,0.3157261631978448,0.7314551927784309,2.464034390679647,0.5901495207140983
2024-01-05 00:17:54,0.4725553201687079,0.22472445462012522,2.58982042580033,0.5489765664457519
2024-01-05 00:18:00,0.38276352683419856,0.2199097597454999,2.588770313412342,0.5023570333233054
2024-01-05 00:18:06,0.5181677299675667,0.28330818846509076,2.657863481376899,0.6546810581000567
2024-01-05 00:18:12,0.49168251963574255,0.5600609164838819,2.659664178927024,0.9520789095780392
2024-01-05 00:18:18,0.606435530110794,0.027924148122579893,2.7044141086752416,0.5707738419734121
2024-01-05 00:18:24,0.7330927823156222,0.2438760885332045,2.75909392927276,0.7937568050436578
2024-01-05 00:18:30,0.46948165065920944,0.4086154642030726,2.8495805042607625,0.7081935641202877
2024-01-05 00:18:36,0.6860972580592379,0.47131213401280775,2.789154612625708,0.6166357551805538
2024-01-05 00:18:42,0.49575089730957683,0.010182838198667152,2.866601987136196,0.5125087013333921
2024-01-05 00:18:48,0.6105201752110508,0.35516979689998357,2.9112369245900545,0.6614427938003961
2024-01-05 00:18:54,0.8434563767091541,0.10187135776040598,2.935990922434139,0.6165065524409432
2024-01-05 00:19:00,0.4507606162311407,0.2010012704470657,2.9156467480410164,0.6494890654397394
2024-01-05 00:19:06,0.7389094793908212,0.09901928056381733,2.9666068450692915,0.7276337793110256
2024-01-05 00:19:12,0.7298528684951093,0.3403966503629474,2.8651559934289423,0.5072668861144844
2024-01-05 00:19:18,0.5594975838737642,0.20059521150745308,2.999140381196837,0.43086617904296337
2024-01-05 00:19:24,0.6749570256792751,0.6064735418770857,2.9969184200881824,0.3603245979591128
2024-01-05 00:19:30,0.5727750992694457,0.4753796101949875,2.9767756048295677,0.4162004031478664
2024-01-05 00:19:36,0.5666072038926372,0.507564522907491,2.918705430722836,0.2225899802223546
2024-01-05 00:19:42,0.5926336744690389,0.31990636821958307,2.815283484433264,
2024-01-05 00:19:48,0.6674833032031177,0.31246811766893573,2.79941420105608,0.0046165387175381625
2024-01-05 00:19:54,0.6024195200042386,0.3204186775002586,2.836316478349578,-0.0565155107889596
2024-01-05 00:20:00,0.650665136942641,-0.1345670029746797,2.83161949007483,0.16442144947900028
2024-01-05 00:20:06,0.6418119916186569,0.1270499590561183,2.754485247906923,-0.15488479913922673
2024-01-05 00:20:12,0.4414813220687802,0.30682218266359695,2.6681827101323585,-0.2686940428694216
2024-01-05 00:20:18,0.5649548699649933,0.4674925757179764,2.5598785736681,-0.21343119236190744
2024-01-05 00:20:24,0.6218849382705646,0.6161983939868148,2.554015450199705,-0.1433189213968377
2024-01-05 00:20:30,0.568803892372178,0.2572010673464496,2.464772599837568,-0.2073738162523243
2024-01-05 00:20:36,0.5573168260157931,0.39551961682792963,2.439374384120268,-0.45242082601342604
2024-01-05 00:20:42,0.5710870170226144,0.19481775923823466,2.3925300369483065,-0.4411485377285263
2024-01-05 00:20:48,0.6534370352154634,0.19048727258299192,2.2113026730077125,-0.5867656537622389
2024-01-05 00:20:54,0.3459059840026963,0.2914723844067421,2.1683653216088934,-0.5160377252878382
2024-01-05 00:21:00,0.39286122439749593,0.03391428078547203,2.077091422274646,-0.6168597955689988
2024-01-05 00:21:06,0.4126600113546113,0.4282073892877723,2.0367118393146786,-0.5573151850896685
2024-01-05 00:21:12,0.5766874762130546,-0.07658154994506203,1.917005662585647,-0.5218356321673532
2024-01-05 00:21:18,0.5695369690341143,0.3137367686010397,1.870749572769027,-0.7259029430047023
2024-01-05 00:21:24,0.6895743892907356,0.12125634425671222,1.698573754605225,-0.7004371790039334
2024-01-05 00:21:30,0.5373301481020277,-0.08418752314436556,1.580507664238355,-0.6043109328441595
2024-01-05 00:21:36,0.4580270516275524,0.05072558848054246,1.505297360363688,-0.5605798527507602
2024-01-05 00:21:42,0.5190653173989046,0.012734060248355814,1.5235301622968567,-0.7193172903379583
2024-01-05 00:21:48,0.6817192884035242,0.25293534765675874,1.4196346904421004,-0.7830595016177029
2024-01-05 00:21:54,0.4416139056854461,0.08549491736052689,1.4191661935736328,-0.7788206721582763
2024-01-05 00:22:00,0.5954481666336615,0.2866120376000434,1.1954884752845099,-0.5352613965999224
2024-01-05 00:22:06,0.4638810915420002,0.45262562128356404,1.081607247961158,-0.647096445492435
2024-01-05 00:22:12,0.5702225540076277,-0.20449293456200313,1.0330942498536313,-0.6958445379555354
2024-01-05 00:22:18,0.6030801644934959,-0.03454108032668426,0.9688454230655273,-0.6328743595901878
2024-01-05 00:22:24,0.6281693476929583,0.02418528393533856,0.8581734889482664,-0.4914813080047225
2024-01-05 00:22:30,0.571855336337681,0.14585499930259405,0.7265530735550783,-0.5056576044824207
2024-01-05 00:22:36,0.6740787255073724,-0.06196923977917229,0.6554526553585989,-0.4747388837889312
2024-01-05 00:22:42,0.41821383613561747,0.15054571996567623,0.5864875777430171,-0.2577229390755708
2024-01-05 00:22:48,0.49379613737670314,-0.040642488121789236,0.47175946825545545,-0.2429995309998852
2024-01-05 00:22:54,0.5415542383823173,0.02485985891642678,,-0.2637804651647706
2024-01-05 00:23:00,0.38427314591155287,0.18795265310001108,0.4267005586057645,
2024-01-05 00:23:06,0.5512191057799296,0.24660966911111282,0.23269221851657484,-0.2539946122521852
2024-01-05 00:23:12,0.5320647624830409,0.054889908670469105,0.2178080120995628,-0.3588036311511607
2024-01-05 00:23:18,0.6750338118257622,0.08324866967760874,0.15817517097170122,-0.029001210648650508
2024-01-05 00:23:24,0.49045175485940273,0.01818429286010243,0.07126511113433212,-0.2721704424853118
2024-01-05 00:23:30,0.5827693315033688,-0.013458518355385626,-0.01269377490196124,-0.3576441416701346
2024-01-05 00:23:36,0.3787884370548377,0.11435661859295557,-0.06733231074991786,-0.24390159754766125
2024-01-05 00:23:42,0.7504913822990821,-0.32552116067803916,-0.1493115491009714,0.06964140712176618
2024-01-05 00:23:48,0.37835310259978366,-0.21242843500491523,-0.24593904144443446,-0.03517834084936915
2024-01-05 00:23:54,0.3292311640036682,-0.14460482097712393,-0.2033924383684107,0.17394776468901602
2024-01-05 00:24:00,0.4602496626870158,-0.2782605073699487,-0.45155107351478463,-0.08352262274133188
2024-01-05 00:24:06,0.5554920475207732,-0.08126920118704353,-0.2875980304741024,0.20824679525868456
2024-01-05 00:24:12,0.5508065691767219,-0.2968954430119503,-0.37598072458886417,-0.06664202483245671
2024-01-05 00:24:18,0.5215131323044904,-0.14658185918984118,-0.4328495598832618,0.10180791014790752
2024-01-05 00:24:24,0.5579324736033366,-0.1674772523819193,-0.488607887289908,-0.23141030529054354
2024-01-05 00:24:30,0.3983117884519078,0.10910961311029013,-0.47257474668727983,-0.3132885383896906
2024-01-05 00:24:36,0.6355632021979135,-0.18161002522516023,-0.5419716021104447,-0.2547700737262622
2024-01-05 00:24:42,0.7406161736238814,-0.22323342566333784,-0.5899036822083803,0.04953139736370933
2024-01-05 00:24:48,0.3926274497400523,-0.6591637146854523,-0.6840203001348067,0.13430353811175982
2024-01-05 00:24:54,0.6658239677362308,-0.47650774885930197,-0.6399645976188986,0.10006889034965882
2024-01-05 00:25:00,0.46397638915679684,-0.4901824741852536,-0.6504964434246561,0.04315161258122373
2024-01-05 00:25:06,0.774682619278045,0.0733202911068053,-0.6241661773057575,0.16878231192324744
2024-01-05 00:25:12,0.384138842190732,0.05159550472943955,-0.6896096616158768,-0.1470719037863123
2024-01-05 00:25:18,0.49261410987020604,-0.2601356162957526,-0.6919339124111445,0.030517101863572774
2024-01-05 00:25:24,0.6505566938317013,-0.18196860302792323,-0.6762994674818618,-0.016918097592405024
2024-01-05 00:25:30,0.6040673572785266,-0.7061038017310478,-0.7670324750683777,0.026829344771110084
2024-01-05 00:25:36,0.5864610710928462,0.01785366570023788,-0.7014561839503869,0.13987691323924303
2024-01-05 00:25:42,0.4339497750383935,-0.3949638795848759,-0.7137705135026942,-0.2621452682804419
2024-01-05 00:25:48,0.40793150535607026,-0.49822797715114264,,0.10358171179356114
2024-01-05 00:25:54,0.4718123991981365,-0.2717019672124351,-0.7698558516600023,-0.06628980365055141
2024-01-05 00:26:00,0.6329495396923663,-0.2942655053210813,-0.6816417190177989,0.07497562015896897
2024-01-05 00:26:06,0.6011780178258753,-0.5418400362725675,-0.64938043755326,0.09344290968156581
2024-01-05 00:26:12,0.5067656162699192,-0.7979551646458156,-0.7282246107375858,0.3462676292118005
2024-01-05 00:26:18,0.6352596644127053,-0.5885265941829556,-0.7106691114391361,0.2130992263981139
2024-01-05 00:26:24,0.6691086855857544,-0.7400951237648278,-0.7107754608024759,0.21643619181559923
2024-01-05 00:26:30,0.4656094095786502,-0.5820705394724637,-0.6752474825060243,0.35501086625532247
2024-01-05 00:26:36,0.4634930174365899,-0.63497280685416,-0.5861896265821903,-0.017024883645692688
2024-01-05 00:26:42,0.5111566529890662,-0.784995861861666,-0.5798327600815356,0.36659656923654116
2024-01-05 00:26:48,0.43476918057066927,-0.6182131809103563,-0.7163438502658938,0.4070931574215918
2024-01-05 00:26:54,0.34231187561075477,-1.020740026883239,-0.7209508991108344,0.3610249344804435
2024-01-05 00:27:00,0.4397732057365109,-0.40386580632243557,-0.7210407864203167,0.4969036520377849
2024-01-05 00:27:06,0.628894429325733,-0.8391258212720654,-0.6424250354357208,0.21620899703535681
2024-01-05 00:27:12,0.4890376855126424,-0.855278325835543,-0.563328667912463,0.2945671336388867
2024-01-05 00:27:18,0.5825563813198622,-0.8613930347960654,-0.6245894778892005,0.3106729838233441
2024-01-05 00:27:24,0.4742774839168589,-0.7501520965860745,-0.6451689380499709,0.5621994505697938
2024-01-05 00:27:30,0.613347396054359,-0.7504570361452138,-0.6038198328434471,0.6378522863486678
2024-01-05 00:27:36,0.562339935714988,-1.160093979088314,-0.5648804520843419,0.43055990566158503
2024-01-05 00:27:42,0.6813211060694699,-1.019698709366197,-0.6508493660195626,0.455242538509205
2024-01-05 00:27:48,0.7099850180320043,-0.7491608473866352,-0.5987045125524589,0.6524568491881435
2024-01-05 00:27:54,0.5838698945904108,-0.7970627409985549,-0.6446859589954115,0.7928149269413066
2024-01-05 00:28:00,0.6709939079056263,-1.0276911216888736,-0.6343644141417957,0.9348968322392885
2024-01-05 00:28:06,0.4111699440200801,-0.9065193162931351,-0.7828864487231781,0.820940855554914
2024-01-05 00:28:12,0.4961320007151666,-1.2834282654187643,-0.7313409648817952,0.7089211638635389
2024-01-05 00:28:18,0.5978771618447434,-0.4906457070605057,-0.6844239843402771,
2024-01-05 00:28:24,0.4772297736240377,-0.7889777012302052,-0.7761604055612294,0.508974365296565
2024-01-05 00:28:30,0.5423607362395367,-1.0905020469786193,-0.7551320300183264,0.79594238467815
2024-01-05 00:28:36,0.49214484603059994,-1.029260081716742,-0.7483330502545136,0.6330932082678439
2024-01-05 00:28:42,0.6028641465893477,-1.0896819154775153,-0.5978427433789181,0.6096606641797719
2024-01-05 00:28:48,0.5888091058464288,-1.2938396191576953,-0.695380155262298,0.708182895411237
2024-01-05 00:28:54,0.44120155393165994,-1.168623996074786,-0.817998947170021,0.3863515796145149
2024-01-05 00:29:00,0.5024742111991143,-1.397827744258734,-0.8994645265779924,0.4133611406198673
2024-01-05 00:29:06,0.7989310162662143,-1.4849023867764268,-0.8882645475120109,0.23266633865605058
2024-01-05 00:29:12,,-1.4492204412365297,-0.9001572268414246,0.27084086007105335
2024-01-05 00:29:18,0.5888548651630593,-1.4178401171411603,-0.8473519008071355,0.3573558947127902
2024-01-05 00:29:24,0.6721805304472074,-1.2764717917635178,-1.020768984442952,0.4474769422810686
2024-01-05 00:29:30,0.6827819391182508,-1.244006418758303,-0.9909429069845512,0.2914208487196757
2024-01-05 00:29:36,0.6739726065620725,-1.2242165731137504,-1.0527925163663643,0.36585626326135945
2024-01-05 00:29:42,0.5359166343179889,-1.1297727460497675,-1.050552987957308,0.015113375040762725
2024-01-05 00:29:48,0.6162966660501665,-1.532466316241582,-1.1746604833980547,0.09821812263523548
2024-01-05 00:29:54,0.6015448957004297,-1.3177256746647048,-1.1200703686302562,0.03157432725208084
2024-01-05 00:30:00,0.7360614050205043,-1.004308218484701,-1.2531427366532593,-0.05655691167698057
2024-01-05 00:30:06,0.5841902572338497,-1.890426192610661,-1.1815305443431157,0.01080973989190669
2024-01-05 00:30:12,0.5838131579901525,-1.489831444305723,-1.2664977572102052,-0.08494515910268352
2024-01-05 00:30:18,0.5935522325762883,-1.2600483323917162,-1.3895980355458757,-0.34288506363292226
2024-01-05 00:30:24,0.5930505262663189,-1.636631499662076,-1.3463242511103504,-0.4470896428761896
2024-01-05 00:30:30,0.5704291932522123,-1.6077635948678097,-1.4461176591613447,-0.08660858111004258
2024-01-05 00:30:36,0.5560752528224341,-1.3571348956939637,-1.5050047055253835,-0.3196521332608759
2024-01-05 00:30:42,0.6455997389920577,-1.6316600221357644,-1.449118972602907,-0.17241525845223463
2024-01-05 00:30:48,0.5508454896418774,-1.6226822222162465,-1.630467459817196,-0.4041989646313733
2024-01-05 00:30:54,0.7390884329789426,-1.533779452639113,-1.5686570560786774,-0.6795316968164062
2024-01-05 00:31:00,0.4575090331524603,-1.6187709007591213,-1.6735372488491658,-0.3749216397318546
2024-01-05 00:31:06,0.5977630781573194,-1.707269719607576,-1.7296219330342204,-0.4494009359081889
2024-01-05 00:31:12,0.5783204880364125,-1.5175013877001864,-1.7233613025320527,-0.6341739435515157
2024-01-05 00:31:18,0.6497487093376902,-1.887542909939181,-1.7546362824038497,-0.8152260143118183
2024-01-05 00:31:24,0.5567632183887186,-1.7377411426719536,-1.8855808309345372,-0.605456087548355
2024-01-05 00:31:30,0.676281019061452,-1.7886842186667493,-1.933690320481775,-0.7607526743574443
2024-01-05 00:31:36,0.6874710148027545,-1.5616342810058466,-1.9016741389544682,-0.6053170379435253
2024-01-05 00:31:42,0.40699839626375256,-2.2011186829708342,-1.8935893819186964,-0.8195966867736021
2024-01-05 00:31:48,0.8012402988247989,-1.852408576443754,-1.9293239513453826,-0.5900469454294733
2024-01-05 00:31:54,0.514737001147426,-1.307645273800895,-2.059159688208885,-0.497969585138582
2024-01-05 00:32:00,0.6213771214271855,-1.6829660258873402,-2.0523457299218504,-0.6787489263201698
2024-01-05 00:32:06,0.6858013573754353,-1.78509986303869,-1.9747846530882578,-0.5642229203348582
2024-01-05 00:32:12,0.8072261410635267,-2.0678562161275846,-2.006947607335304,-0.49139003358573025
2024-01-05 00:32:18,0.8501310588589889,-1.8266683695354893,-2.0770147357997457,-0.7744026918343967
2024-01-05 00:32:24,0.6703373877351828,-1.9900331544060288,-2.0419815602672617,-0.5857599048872077
2024-01-05 00:32:30,0.4777569090822051,-2.0592260587419484,-2.089499286731318,-0.5195057733579428
2024-01-05 00:32:36,0.45024051088358935,-2.0754185700654117,-1.9895631360615242,-0.390290246408129
2024-01-05 00:32:42,0.41783207909651543,-1.9878077426264538,-1.993200034730114,-0.18846982534775503
2024-01-05 00:32:48,0.6508166631282041,-1.7028339406612247,-1.94747127469005,-0.49512921835126034
2024-01-05 00:32:54,0.5995879180830516,-1.6365614251425882,-1.9776592464369231,-0.3939307795306922
2024-01-05 00:33:00,0.4795845343409002,-1.9953356139303264,-2.0115400803164443,-0.3303172123812427
2024-01-05 00:33:06,0.7501318258037293,-2.070460318712069,-1.8819998465311758,-0.04487599971958229
2024-01-05 00:33:12,0.8101159185099164,-2.070698655672535,-1.863876621178712,-0.11756355159733238
2024-01-05 00:33:18,0.8065076453092894,-2.587228341231915,-1.9005757205144005,-0.3636449528015958
2024-01-05 00:33:24,0.8040318773200926,-2.0979220971653874,-1.8235047307994636,-0.07332552985097175
2024-01-05 00:33:30,0.39134524958501765,-1.9063057139664796,-1.7173589865910177,-0.07099518400077959
2024-01-05 00:33:36,0.777644025532546,-1.8487789836233253,-1.710303361891496,-0.18747850767496502
2024-01-05 00:33:42,0.6046679737188453,-1.5286792146295467,-1.7986063464378874,-0.2527895620530399
2024-01-05 00:33:48,0.8015793761071978,-1.9194884505788388,-1.5725157555708553,0.09114126265805901
2024-01-05 00:33:54,0.6392307973476132,-1.8312300448094498,-1.560176755021677,-0.1549411904304894
2024-01-05 00:34:00,0.597053937547629,-1.9101765847155314,-1.4138752919523243,0.28067038376023407
2024-01-05 00:34:06,0.6498146327993005,-2.2519153426627856,-1.4262649898040098,0.15571080373815868
2024-01-05 00:34:12,0.7479764297646745,-1.901340529531364,-1.3180473454909962,0.05438095476676119
2024-01-05 00:34:18,0.7223301351828829,-2.3139485445516854,-1.2645331301389353,-0.10163862840181058
2024-01-05 00:34:24,0.7479919161068596,-2.2837356571181955,-1.1073632001304292,-0.005304246292575358
2024-01-05 00:34:30,0.549323345434938,-1.9815587339610687,-0.9913285790464984,-0.15640539082100816
2024-01-05 00:34:36,0.6692282823982799,-1.9578044690329213,-1.0046354473517045,0.11906446412704769
2024-01-05 00:34:42,0.730530462714198,-1.8814462654880006,-0.8664392065669578,-0.010284240364996984
2024-01-05 00:34:48,0.7992139173598013,-2.434657042609709,-0.8213638059218293,0.011105057467695018
2024-01-05 00:34:54,0.9094751393038034,-2.140010040294241,-0.6894460102661618,-0.3695775973461069
2024-01-05 00:35:00,0.6642568301966031,-2.138727325655003,-0.619539606085485,0.08710327776883023
2024-01-05 00:35:06,0.8641066237879691,-2.151487676590522,-0.3954998404221596,0.07379167241398855
2024-01-05 00:35:12,0.6286815469700083,-1.8876763762345024,-0.32149719483139805,0.20209153500975008
2024-01-05 00:35:18,0.7789795566216282,-1.946980714059249,-0.2526652765950982,0.2539786970031867
2024-01-05 00:35:24,0.810633283174033,-2.047917591552313,-0.15394164222759504,0.19504239611047977
2024-01-05 00:35:30,0.477285282977358,-1.6863426567039772,0.06573324953171361,-0.2649623213221106
2024-01-05 00:35:36,0.8541291241345457,-1.742382720680325,0.10883442612237372,0.07526937252872723
2024-01-05 00:35:42,0.9007612669168206,-1.9504011666082566,0.22508934166927275,0.08359613824346995
2024-01-05 00:35:48,0.6326761617795063,-2.1493417477810106,0.3406163539098506,0.18216027223420225
2024-01-05 00:35:54,0.7083286240155697,-1.9782244847445756,0.4670427589794853,0.13638720114594366
2024-01-05 00:36:00,0.900404886371692,-1.5421458514528845,0.6796481851767368,0.10380731623852196
2024-01-05 00:36:06,0.6435993687792191,-1.9869843751694136,0.7095246555887054,-0.24049703459836863
2024-01-05 00:36:12,0.8142115323683041,-2.2515571499392726,0.8916401221154227,0.08266511522657259
2024-01-05 00:36:18,0.47798601329239354,-2.089667825467424,0.9698007595076323,-0.1855590381537481
2024-01-05 00:36:24,0.7332176892363048,-1.7264069829422555,0.9907325097752585,0.39215416682454207
2024-01-05 00:36:30,0.8462913920196443,-1.9171157487077215,1.3018368372545674,0.22733907204431747
2024-01-05 00:36:36,0.6234669904153379,-1.863769059993062,1.2079487586300817,0.19587130127052083
2024-01-05 00:36:42,0.7929547824661288,-2.0915680190395936,1.3917771610165057,-0.018656735294952046
2024-01-05 00:36:48,0.7448112286949478,-1.8789153009494424,1.5703329501059864,0.24487052000032378
2024-01-05 00:36:54,0.6637890870183668,-1.9621393228448025,1.6719258800005639,0.5740604842041543
2024-01-05 00:37:00,0.8088748380305468,-2.0085498339103744,1.7448837173467058,0.49168962449882525
2024-01-05 00:37:06,0.857216380824439,-1.8443868054768515,1.8900463788008703,0.803987292712419
2024-01-05 00:37:12,0.6422353751305824,-1.8649858511144453,1.95599420153051,0.29536304500808896
2024-01-05 00:37:18,0.5866914595256708,-1.3956267753248044,2.0755039050235267,0.30697556536027953
2024-01-05 00:37:24,0.8651292088610076,-1.7653513427757108,2.202575864138566,0.6506811175871099
2024-01-05 00:37:30,0.7943900917348306,-1.8265563656876989,2.3093780342267,0.41892351830737085
2024-01-05 00:37:36,0.8138849739444249,,2.3337549752127,0.5245920518548531
2024-01-05 00:37:42,0.8832112992836181,-1.2521689853451523,2.367382639969173,0.7886186925086316
2024-01-05 00:37:48,0.6077524033239897,-1.7320249530019476,2.423382907571498,0.7979867766127933
2024-01-05 00:37:54,0.7487515147916839,-1.7727000934316943,2.592824944562804,0.5781361707778544
2024-01-05 00:38:00,0.9173606097415236,-1.7526116275252577,2.669050452487832,0.6875881422546756
2024-01-05 00:38:06,0.7454895775190927,,2.6892189562744706,0.754665013924229
2024-01-05 00:38:12,0.826711102702421,-1.365547629698562,2.72966398714606,0.7062162561016558
2024-01-05 00:38:18,0.582365215076301,-1.7438209514303513,2.7745313276621153,0.8081213085460334
2024-01-05 00:38:24,0.6782507341183356,-1.358351765857149,2.888488860982443,0.45912561404289864
2024-01-05 00:38:30,0.8124325162026053,-1.3999356932865592,2.8982229126559016,0.7716262706447319
2024-01-05 00:38:36,0.7847680120960854,-1.2024425626433244,2.897054547429767,0.5550266282932671
2024-01-05 00:38:42,0.8858150326932125,-1.5700123423895833,2.9523777314911865,0.665870721369128
2024-01-05 00:38:48,0.7807520888118495,-1.3537155224632829,2.979701013038115,0.45857427032769016
2024-01-05 00:38:54,0.6707928360332958,-1.0031117725348404,2.908151043307998,0.5148501072731659
2024-01-05 00:39:00,0.7913312591859466,-0.945165244045176,3.013082618579921,0.3575811504798535
2024-01-05 00:39:06,0.7370065157557736,-1.1990018151714594,2.9824020038415564,0.47483478724755596
2024-01-05 00:39:12,0.7125324206846444,-1.2604719623046285,2.9669620002324586,0.5644580065701188
2024-01-05 00:39:18,0.909053591834881,-1.2984794293105488,2.9372579063006357,0.08448004005440825
2024-01-05 00:39:24,0.7485640041055523,-1.236949382785916,3.0287990349773226,0.0624214400269789
2024-01-05 00:39:30,0.8377167226054987,-0.9645747326850733,2.982867024890255,0.37279940479041485
2024-01-05 00:39:36,0.741205935931873,-1.6053801795374405,3.0371412468749432,0.11921138218933927
2024-01-05 00:39:42,0.7886375393125616,-1.592783344116351,2.913662318852096,0.3470633282425994
2024-01-05 00:39:48,0.7450859101509822,-0.6551194940311028,2.8399398748575813,-0.10050128479491102
2024-01-05 00:39:54,0.8629995023196618,-1.236199355391652,2.851771977668333,0.08745278968839633
2024-01-05 00:40:00,0.799814545383267,-0.9931637656423649,2.77138888741566,0.1585578784657051
2024-01-05 00:40:06,0.7860765047533518,-1.029340284661187,2.7360976555887166,-0.17633558022457552
2024-01-05 00:40:12,0.7196224184645192,-0.8873047829617089,2.7416827693860224,0.07026055888718255
2024-01-05 00:40:18,0.8202612735379186,-1.1405861007405067,2.6282654291989593,-0.11636654147076854
2024-01-05 00:40:24,0.752561182580493,-0.874773909614677,2.580890455051637,-0.2513486727676413
2024-01-05 00:40:30,0.8579579523467787,-1.056040035408029,2.443986838037863,-0.23931427809825334
2024-01-05 00:40:36,0.8332538999101436,-0.9780713326905524,2.394575130749676,-0.2745934391033301
2024-01-05 00:40:42,0.8209425050204427,-0.646808060552832,2.37621951677104,-0.1721179309927522
2024-01-05 00:40:48,0.8321626196183398,-0.2242417350010931,2.285986342752665,-0.5858328181951649
2024-01-05 00:40:54,0.8603199496015754,-0.7365936363921647,2.1991157452182133,-0.38959182625608835
2024-01-05 00:41:00,0.6259748583779035,-0.5631127388523447,2.13670215402188,-0.18721570072144098
2024-01-05 00:41:06,0.7203921975152502,-0.30667290233570726,2.061555206922225,-0.45187235322705716
2024-01-05 00:41:12,0.8216964880944801,-0.25096265584514843,2.03842736508606,-0.6627724047054994
2024-01-05 00:41:18,0.7565870680766815,-0.5505566627199912,1.861869771917643,-0.530353137176904
2024-01-05 00:41:24,0.8654080734254059,-0.33474793019994853,1.759316718825528,-0.6693108979535998
2024-01-05 00:41:30,0.7670260025144958,,1.6449195587608791,-0.5720400350517458
2024-01-05 00:41:36,0.8573767531457337,-0.5810818570902063,1.638714075717983,-0.6777053376020832
2024-01-05 00:41:42,0.7185038781932681,-0.6362575301550671,1.6205629223163527,-0.6481785182701125
2024-01-05 00:41:48,1.0493033939142398,-0.3657518753523605,1.4562977277143583,-0.4216979885543786
2024-01-05 00:41:54,0.8923041814861199,-0.5033001689759462,1.3192191615497737,-0.7569210499264064
2024-01-05 00:42:00,0.8168866261635592,0.1553588425824507,1.2349998634783117,-0.6502766311312145
2024-01-05 00:42:06,0.8367267127087759,-0.17748213374756872,1.2571218019009704,-0.5214711455119411
2024-01-05 00:42:12,0.8807131244999107,0.01082313716170133,1.0387192482799597,-0.674352639214194
2024-01-05 00:42:18,0.7502023027524872,-0.2818134023968062,0.9560267949915046,-0.4576992915135012
2024-01-05 00:42:24,0.7453611056086742,-0.22813400099899947,0.8576284003860316,-0.46247619375936927
2024-01-05 00:42:30,0.8528727991403766,-0.29020838097455526,0.681117922663,-0.32004243167923635
2024-01-05 00:42:36,0.8312851056134335,-0.04581931717859973,0.7452298203715626,-0.6011947916992378
2024-01-05 00:42:42,0.8592716166284656,0.12275102539202461,0.6048088103484525,-0.4507522085867239
2024-01-05 00:42:48,0.9786380538402333,-0.25458164024948843,0.5464714546298886,-0.36443373847495875
2024-01-05 00:42:54,0.9102225167832474,-0.013372975963875391,0.4263379952005066,-0.25615825326659203
2024-01-05 00:43:00,0.7742856617764712,0.14616605616407644,0.3055018207841224,-0.18488674458975077
2024-01-05 00:43:06,0.6604199435079716,0.3457374345624207,0.27396407464231215,-0.3930652226258075
2024-01-05 00:43:12,0.6981195198789505,0.18077681837300086,0.2226092575220188,-0.05452568553071825
2024-01-05 00:43:18,0.7103305875656745,0.2654413671914995,0.1309121921657189,-0.25509571538064485
2024-01-05 00:43:24,0.8662474245964575,0.2698336606968994,0.07091123104483045,0.12433513818477215
2024-01-05 00:43:30,0.7554611028544336,-0.06405705367548416,-0.0029037141663262184,-0.30565385390585076
2024-01-05 00:43:36,0.706224370085612,-0.019191855876184633,-0.053553900206814595,-0.09127141080337155
2024-01-05 00:43:42,0.6483636383179568,0.41135117590788217,-0.15433625040892662,-0.1681330180341239
2024-01-05 00:43:48,0.7876392101863946,0.0632447554453992,-0.17325945405956775,-0.07614499413977038
2024-01-05 00:43:54,0.718777207436782,0.5352094506036877,-0.22182153176694275,-0.10953920699537988
2024-01-05 00:44:00,0.6813324582077378,0.24358860154225292,-0.3044166407559354,-0.08328588144333286
2024-01-05 00:44:06,0.9235903627087302,0.6816717867132376,,0.018309019789654997
2024-01-05 00:44:12,0.6957063359369091,0.6352167191052858,-0.36723395020348576,-0.3605715703598232
2024-01-05 00:44:18,,0.43804409377389597,-0.4542883936274222,-0.027161432628032983
2024-01-05 00:44:24,0.6838817545288716,0.6099164568666718,-0.38622883528253893,0.189492088733737
2024-01-05 00:44:30,0.922439865914688,0.5815155744378939,-0.43144382705809364,0.05580501413127539
2024-01-05 00:44:36,0.7091163209472888,0.7903424835103113,-0.544737118934716,-0.0413243559191419
2024-01-05 00:44:42,0.716370913055611,0.6325626159272044,-0.5079926453120657,0.015172162374009111
2024-01-05 00:44:48,0.6574975863313569,0.8924687609077688,-0.5439181788277234,0.05153773516057097
2024-01-05 00:44:54,0.6476662804993358,0.7029055308918709,-0.6026102269998472,0.011399623490619737
2024-01-05 00:45:00,0.7053357692697056,0.5398967048354909,-0.5763116239769864,-0.26798886866421173
2024-01-05 00:45:06,0.7440347998336341,0.9569969789692185,-0.7214331713755664,0.09301738895424372
2024-01-05 00:45:12,0.6410044799373015,0.9693651895357073,-0.7135765313723446,-0.20036334871325695
2024-01-05 00:45:18,0.8181666411681232,0.9611452326790328,-0.6180259041915253,-0.2076380651419847
2024-01-05 00:45:24,0.6378300791138098,1.0963175032819785,-0.74979873251137,-0.008841788183454904
2024-01-05 00:45:30,0.830147611203762,0.9575373188171253,-0.654567088756039,0.05258676550283954
2024-01-05 00:45:36,0.7922672742239898,0.6970322303456762,-0.6867500899244607,0.16442934749703728
2024-01-05 00:45:42,0.7281288062220106,1.011697072470193,-0.5827498842039822,0.026475825905200256
2024-01-05 00:45:48,0.7606438122386312,1.0452439689001936,-0.6207078895237301,-0.04999173629543541
2024-01-05 00:45:54,0.7195605244212753,1.0279080721310339,-0.7105257077286047,0.23779129558278564
2024-01-05 00:46:00,0.8433779318595437,1.297716453949534,-0.6305183397434182,0.14070086973571824
2024-01-05 00:46:06,0.5910112419774762,1.1492530023553365,-0.6816763356977944,0.11416503361095189
2024-01-05 00:46:12,0.6393953922805559,1.0579738396761027,-0.665876507976572,0.23047730288175894
2024-01-05 00:46:18,0.5678584488149208,1.3887002060180567,-0.6099822085482338,0.09943611168833398
2024-01-05 00:46:24,0.616105670712526,1.0839676148028365,-0.6288061622442177,0.3975270312699262
2024-01-05 00:46:30,0.7760418715928772,1.3275065440821054,-0.627360773557596,0.2331640241313185
2024-01-05 00:46:36,0.6756988465214732,0.8076545583325137,-0.652534720475576,0.3579634965295426
2024-01-05 00:46:42,0.47617803555194044,1.2234587837358615,-0.535714011281743,0.49344012739161036
2024-01-05 00:46:48,0.9032351714492565,1.5344494960369464,-0.6304600632906265,0.49030303973328015
2024-01-05 00:46:54,0.5952277582398365,1.366498965772406,-0.5593514289529765,0.46153626306527007
2024-01-05 00:47:00,0.7712386172477685,1.0410756087168813,-0.6135366197374934,0.6046543507081034
2024-01-05 00:47:06,0.7825566488544483,1.7564134234871904,-0.5532431899850676,0.6736697169314192
2024-01-05 00:47:12,0.6430936966187318,1.511492654529304,-0.48177117882428094,0.5178024303584462
2024-01-05 00:47:18,0.6341777672219288,1.5380679675618745,-0.5977492590256184,0.49296716297092813
2024-01-05 00:47:24,0.6716918478503726,1.8412919375820676,-0.6650389610936166,0.6014785630480936
2024-01-05 00:47:30,0.6542355434350026,1.1382658504458913,-0.5441426454629193,0.528360660196378
2024-01-05 00:47:36,0.44328566753104914,1.401224837495094,-0.5945999965972982,0.6990876047772157
2024-01-05 00:47:42,0.6433802263263184,1.5042097357506845,-0.616824580734306,0.7404361290856407
2024-01-05 00:47:48,0.8475204366799199,1.511312558164135,-0.5391076286100682,0.6496722198619086
2024-01-05 00:47:54,0.8107047322947416,1.7807304160235657,-0.6206596551939733,0.4754230315080282
2024-01-05 00:48:00,0.603102831743178,1.4755818411024626,-0.5641582422509221,0.7432290448719484
2024-01-05 00:48:06,0.7032460948841381,1.5004280925815014,-0.6927443393498901,0.5773030795674197
2024-01-05 00:48:12,0.7808009571602015,1.6958475331958796,-0.7045243640262268,0.3470291778404381
2024-01-05 00:48:18,0.698528223772079,1.5019580512155573,-0.6257993003848268,0.4492957748178003
2024-01-05 00:48:24,0.5529095523287855,1.8327499505019427,-0.6750494255925259,0.8172542104829961
2024-01-05 00:48:30,0.5840181829127132,1.9427295492651238,-0.6657693008315586,0.7096186777644568
2024-01-05 00:48:36,0.7625684144052378,1.8393972747963947,-0.6796809776724054,0.7260660626971874
2024-01-05 00:48:42,0.4984342387495157,2.2407648617803204,-0.7820705738221629,0.5560770687665024
2024-01-05 00:48:48,0.7180602789723223,1.849385040101488,-0.7825686194678422,0.584184601241264
2024-01-05 00:48:54,0.7803261568893272,1.6604819487300728,-0.7852556268109676,0.5403380421251789
2024-01-05 00:49:00,0.5294707693115784,1.9916860274331745,-0.7880446477038682,0.5012451263170352
2024-01-05 00:49:06,0.5873081772983527,1.7070559164442314,-0.8811715588213809,0.6091480111924732
2024-01-05 00:49:12,0.6823120886923945,1.8439217087207942,-0.8718300035241675,0.5673309203524193
2024-01-05 00:49:18,0.5284373008337214,1.8911484508187901,-0.9980133324781556,0.51809857179109
2024-01-05 00:49:24,0.5572275901880346,1.6488685581519313,-0.8685973073165328,0.307673887694668
2024-01-05 00:49:30,0.5585702114768918,1.8129848605382022,-1.0004882354047306,0.35022132028986785
2024-01-05 00:49:36,0.7201340416564056,2.0456062730328295,-0.9883278923508462,0.33362625298155013
2024-01-05 00:49:42,0.3874639658001447,1.5451111792342842,-1.0941766968021538,
2024-01-05 00:49:48,0.5099402096262889,2.087876062571123,-1.0649456204654586,-0.0847067662562947
2024-01-05 00:49:54,0.4361153748430783,1.4339071466246258,-1.1621796403085416,0.4016495297257421
2024-01-05 00:50:00,0.6811025833813197,1.7366636684655692,-1.194057125818178,0.18500461570786073
2024-01-05 00:50:06,0.5854659391437278,1.8269996245787545,-1.2328000951859412,0.19048073269783092
2024-01-05 00:50:12,0.5094870504511284,1.83347967597235,-1.171148610972133,-0.12591705239431264
2024-01-05 00:50:18,0.6840986442378261,2.080337010402013,-1.3105951944408178,-0.4125936391941326
2024-01-05 00:50:24,0.6291748829507651,1.8021848124933322,-1.3143963430188172,-0.38613913580619474
2024-01-05 00:50:30,0.5032456050736032,1.6120153413243654,-1.3768043418917764,-0.6517120701914805
2024-01-05 00:50:36,0.4468711224892753,1.8874325376271648,-1.467533627296221,-0.30279469682876703
2024-01-05 00:50:42,0.24376035599468568,2.102841302805813,-1.5259011851556477,-0.47488358404457676
2024-01-05 00:50:48,0.29201058035856126,1.8888528874920674,-1.6004280450504227,-0.3072810991548933
2024-01-05 00:50:54,0.4740957416706064,2.263446117726904,-1.5928108251083997,-0.5162523346098246
2024-01-05 00:51:00,0.369500150436968,1.8446627985805049,-1.6123518000293349,-0.47187771782108195
2024-01-05 00:51:06,0.5789662840148183,1.8227609385880603,-1.6370937042514226,-0.530410674808841
2024-01-05 00:51:12,0.5534171745243358,2.100591983943886,-1.6135033258779194,-0.7670710547928103
2024-01-05 00:51:18,0.5401269672884863,2.085759276923554,-1.725007029915641,-0.9449636685260583
2024-01-05 00:51:24,0.4848769586599077,1.9109955985588862,-1.800010640392647,-0.6368140007763103
2024-01-05 00:51:30,0.4938899311928442,1.933867649672943,-1.8675059532441631,-0.5933699472667852
2024-01-05 00:51:36,0.3610117479357475,2.1462700502895276,-1.9494453538665728,-0.8069701456985731
2024-01-05 00:51:42,0.40362500885859043,2.0879779458391217,-1.8963723989799375,-0.464013388307422
2024-01-05 00:51:48,0.4528878092275153,2.187529733803656,-1.9896735402156915,-0.45157517579231043
2024-01-05 00:51:54,0.4761494619641227,1.773858745136307,-1.9111196633851213,-0.711424734223341
2024-01-05 00:52:00,0.22765950467888413,1.804145650406552,-1.879322746219637,-0.726033975302538
2024-01-05 00:52:06,0.42099735872455,1.6431954768111474,-2.0085237257520006,-0.5198846060570783
2024-01-05 00:52:12,0.3812905221780496,1.8132405160187843,-2.035762668180844,-0.6021120212901389
2024-01-05 00:52:18,0.27566493007225823,1.7753099237965975,-1.9594613354386978,-0.381547899591708
2024-01-05 00:52:24,0.26631018944046597,1.6191836075267376,-1.994611116123874,-0.33187950554589324
2024-01-05 00:52:30,0.4226750307989374,2.128818607625188,-1.9233871841384267,-0.6471813329562653
2024-01-05 00:52:36,0.38230140119985606,1.735305373814518,-2.034686982018365,-0.3226033389907155
2024-01-05 00:52:42,0.45236537718990016,1.4503032603404717,-1.8999976043709887,-0.4207674356781885
2024-01-05 00:52:48,0.2552232308188884,1.8604040815498049,-1.8944495004646553,-0.1818675286488304
2024-01-05 00:52:54,0.28987458950550865,1.6622384766859932,-1.9549801252998376,-0.5424455803362365
2024-01-05 00:53:00,0.39976157595751954,1.8531798574890839,-1.9452328901128555,-0.1098314787941077
2024-01-05 00:53:06,0.5517703902647231,1.3142733210745656,-1.7950160722053694,-0.1285798920192881
2024-01-05 00:53:12,0.3794266301766633,1.838800865948836,-1.8432801592500747,-0.3054563087857529
2024-01-05 00:53:18,0.40069696655023224,1.6369975230197076,-1.7198598085268977,-0.13262905695624183
2024-01-05 00:53:24,0.36164015593137167,1.825770674667024,-1.792055288350061,-0.20847583930865363
2024-01-05 00:53:30,0.38802557891955436,1.8510031774873588,-1.7319366776213276,-0.09281044814538644
2024-01-05 00:53:36,0.43002177743217107,1.8769974101539075,-1.687685048830063,-0.09558365849760866
2024-01-05 00:53:42,0.050748660223279715,1.4091081007754493,-1.6249077834714396,-0.11880022649250765
2024-01-05 00:53:48,0.2574806721989573,1.8692153048536584,-1.6121089159418196,-0.12992778669711352
2024-01-05 00:53:54,0.13260524532607493,1.8450623571648699,-1.4654718975390957,-0.12165254440974624
2024-01-05 00:54:00,0.1934624936694737,1.4226631416355477,-1.4819692330506835,0.20204635097889806
2024-01-05 00:54:06,0.26549245374428515,1.727117940635634,-1.3241083913648017,-0.0944327172950983
2024-01-05 00:54:12,0.38676694137143264,1.6057085683351708,-1.3060762746741175,-0.0745399576892292
2024-01-05 00:54:18,0.08612815496622735,1.606765985703289,-1.1565595526103032,-0.07529625453985317
2024-01-05 00:54:24,0.0809466140780047,1.4385632777633943,-1.0908815820529398,0.10403095059233736
2024-01-05 00:54:30,0.4015199686635789,1.4599680116191087,-0.9553398462759967,0.25607910030850295
2024-01-05 00:54:36,0.021791487380739452,1.7624597691103776,-0.9007348924813932,-0.08226396649710258
2024-01-05 00:54:42,0.034014009531458764,1.4168415186457313,-0.8446113786969736,0.07016227196669761
2024-01-05 00:54:48,0.20956637485272234,1.431126822213816,-0.7272342893623941,0.04673566878961901
2024-01-05 00:54:54,0.10357104725911506,1.433392938730823,-0.7193409341917545,-0.06304616684556896
2024-01-05 00:55:00,0.11101789812596842,1.3165755484718988,-0.502127438178623,-0.285727364700486
2024-01-05 00:55:06,0.2996067494322544,1.5531057533833708,-0.35237235768551545,-0.22458702834568753
2024-01-05 00:55:12,0.12339414006685251,1.6745438271138624,-0.32710676597170707,-0.1392301149725777
2024-01-05 00:55:18,0.24937753025410736,1.592337812941839,-0.17721805555008882,-0.09118168040641056
2024-01-05 00:55:24,0.05690908502902533,1.333259553114408,-0.039598765849361256,0.214539112366685
2024-01-05 00:55:30,0.18683528244740907,1.522217190682637,0.08556402940334834,0.08607187931555313
2024-01-05 00:55:36,0.11593244290172462,1.373071286020335,0.12450962633895554,0.05006916962608951
2024-01-05 00:55:42,0.10533936216840323,1.0558600762137078,0.3207637070293004,0.30799540657600544
2024-01-05 00:55:48,0.12492195271369551,1.1784619929928797,0.4191181139877901,0.08534884002850066
2024-01-05 00:55:54,-0.01871417369804182,1.559312605492216,0.4763139786551685,0.09545669257964659
2024-01-05 00:56:00,0.15953716402725365,1.2937940749156382,0.6425132009121237,0.013930297432452145
2024-01-05 00:56:06,0.05887838856155506,1.1320543051944763,0.8047475078167069,0.40617016432757463
2024-01-05 00:56:12,0.0986846225698145,,0.9422551350741513,0.3056939456485452
2024-01-05 00:56:18,0.14502546323562898,1.4388517026141372,0.9838643845935251,0.0674208473521676
2024-01-05 00:56:24,-0.037840933856120515,1.5144775865376812,1.0975123293425149,0.320314137417529
2024-01-05 00:56:30,-0.10506472470277999,0.9589986216813888,1.2816352157345718,0.35113427256129337
2024-01-05 00:56:36,-0.09571353618407313,1.003358938443785,1.3571127495976645,0.38037168093198304
2024-01-05 00:56:42,0.05328532349653019,0.9463213867846164,1.5226777411442913,0.21525040034915127
2024-01-05 00:56:48,-0.16637145475772158,1.546731835696985,1.6047508322385238,0.23734879219670202
2024-01-05 00:56:54,0.13816120118443637,1.2227857543401168,1.7126988741572824,0.20653527014336753
2024-01-05 00:57:00,0.08931937465636879,1.0327739984216904,1.884803162554076,0.5911316515398417
2024-01-05 00:57:06,-0.1529238708718681,1.458901408986786,1.933613602220881,0.3280157439349954
2024-01-05 00:57:12,-0.160247160461783,1.1747199941737625,2.0396559954778386,0.5599334553335921
2024-01-05 00:57:18,-0.15770568536600435,0.7683464939257219,2.120542148512106,0.511578153418225
2024-01-05 00:57:24,,1.2383419088661747,2.2517387838167697,0.4679642837758079
2024-01-05 00:57:30,0.06861229150095043,1.0800010638315205,2.3433247383554567,0.5002359124424652
2024-01-05 00:57:36,-0.33026997501349503,0.8745537048825045,2.308336287298425,0.663303047313744
2024-01-05 00:57:42,0.008847094738640399,0.9404524196192734,2.503032714670328,0.8742137616663925
2024-01-05 00:57:48,-0.03314153465317134,0.7947970366447712,2.4985486027284587,0.43890834587128247
2024-01-05 00:57:54,-0.14372977084645633,0.9962273720035361,2.6363293212344105,0.6505177032049073
2024-01-05 00:58:00,-0.21061668808796166,0.6626564981872666,2.674744370790308,0.44972281302978145
2024-01-05 00:58:06,-0.10686062485172858,1.2663154950203397,2.753961296365728,0.16242499457548493
2024-01-05 00:58:12,-0.10663990375364531,0.8317448028784821,2.7812776332330795,0.5493653573107536
2024-01-05 00:58:18,-0.1890117599061895,0.7378621505947017,2.907772691886059,0.71628392648562
2024-01-05 00:58:24,-0.4324583196349116,0.7878398555815744,2.8592108062991395,0.7360593230209931
2024-01-05 00:58:30,-0.2995822195816872,0.9107152298349042,2.922881359421645,0.8789318445032388
2024-01-05 00:58:36,-0.20113985306369037,1.1420901016611202,2.9059908228776257,0.3473199115886106
2024-01-05 00:58:42,-0.41084955526031597,1.4651893286026836,3.042754111001951,0.8727478734676829
2024-01-05 00:58:48,-0.37284587764742433,0.7245857580317655,2.978512641643877,0.5856189818351051
2024-01-05 00:58:54,-0.46759487561003255,1.2147290621166986,3.034236116969584,0.7021198947395877
2024-01-05 00:59:00,-0.12340829125759,0.8698102771691991,2.956544752516421,0.5187410596530976
2024-01-05 00:59:06,-0.05091154101849574,1.0057396926787885,3.125065092916166,0.5386694030373288
2024-01-05 00:59:12,-0.28946414235243695,0.8525163986017626,3.0055675162404722,0.18005936529506075
2024-01-05 00:59:18,-0.22995267100705374,0.7942816889112887,3.007833837085442,0.5654687271060886
2024-01-05 00:59:24,-0.33229181629593113,1.0944869780467634,3.0357764690457296,0.46402347415032685
2024-01-05 00:59:30,-0.39533281736515824,1.1021053261392204,3.1417409712989186,0.6625454321521161
2024-01-05 00:59:36,-0.4106770905677861,0.7068376158036066,3.0037606585000267,0.2118384679174256
2024-01-05 00:59:42,-0.37816323066534163,0.9939526446720395,2.9467522613573927,-0.07744300006023476
2024-01-05 00:59:48,-0.4613638076105923,0.3830235088623969,2.7896728097649066,-0.05528517517989671
2024-01-05 00:59:54,-0.44914108581508394,0.6569915338608673,2.8088694483279384,0.16650487143278858
2024-01-05 01:00:00,-0.2541487829900585,1.1833811072893572,2.802608391691067,-0.12141468641861691
2024-01-05 01:00:06,-0.41280137555364044,0.6812567531884359,2.8576177563719614,0.053160944447455775
2024-01-05 01:00:12,-0.30971286076356275,0.5327596255863035,2.6941270359343945,-0.29287327185547624
2024-01-05 01:00:18,-0.3824237571261441,0.655734302923731,2.6587516595966134,-0.0961604453615301
2024-01-05 01:00:24,-0.4319317826275708,0.8394340584777771,2.679721732807407,-0.4387276975569584
2024-01-05 01:00:30,-0.4367685947234225,0.420018435999506,2.5606109679217353,-0.3170126248556645
2024-01-05 01:00:36,-0.4717156325087731,0.2337353308745151,2.5546406400139525,-0.516162768954994
2024-01-05 01:00:42,-0.6849167266848563,0.31892627561371434,2.4929739953235055,-0.33498375162041877
2024-01-05 01:00:48,-0.5052754773777961,0.6659496838100897,2.3336031808745448,-0.42052983085436957
2024-01-05 01:00:54,-0.49978764491145317,0.8911034318787203,2.13663256661618,-0.44196708263241125
2024-01-05 01:01:00,-0.3475365988007458,,2.1119570994668218,-0.8057981663058253
2024-01-05 01:01:06,-0.3764314296913257,0.6615798014401617,2.226048593479435,-0.6714768690381582
2024-01-05 01:01:12,-0.4853279185771531,0.5316331344418405,1.9844174121364813,-0.5071616633611593
2024-01-05 01:01:18,-0.544984255889044,0.5730598128259886,1.9540915472421219,-0.8144386414511626
2024-01-05 01:01:24,-0.35554504934194164,0.10323811594958167,1.828635089361908,-0.8846056474571659
2024-01-05 01:01:30,-0.4589968081666453,0.5007374595067916,1.7363794451987868,-0.39006921319782983
2024-01-05 01:01:36,-0.4007083744671904,0.7581587958016247,1.615853485384702,-0.7119573760981751
2024-01-05 01:01:42,-0.47795001226457107,0.7526832601813581,1.5493401842804297,-0.48863041533183943
2024-01-05 01:01:48,-0.6208507339699003,0.33632050311083644,1.4425949590573581,-0.5321460760931337
2024-01-05 01:01:54,-0.6154481437373014,0.5144351051259836,1.346208531628831,-0.7215629409021819
2024-01-05 01:02:00,-0.5011050178203492,0.1431962063075516,1.2368898348806008,-0.5142705092249948
2024-01-05 01:02:06,-0.6234595530650908,0.6534590152548283,1.1399842371300217,-0.5084857759102429
2024-01-05 01:02:12,-0.6276775890595702,0.3753301047800043,1.0325725424022931,-0.297537825470192
2024-01-05 01:02:18,-0.4271666055092335,0.4992882263852426,0.9713917559327601,-0.4555844062436848
2024-01-05 01:02:24,-0.6508578991649446,0.38300313712940803,0.8464857722999464,-0.16274716165543018
2024-01-05 01:02:30,-0.7591921295685208,0.74057844301071,0.8493267754990621,-0.3366479774194605
2024-01-05 01:02:36,-0.5536553476550645,0.3019063158111583,0.7322715789059387,-0.408412925333125
2024-01-05 01:02:42,-0.739097635993698,0.4039120886459578,0.5734280312049905,-0.1952460855542414
2024-01-05 01:02:48,-0.49249062165803736,0.20580835192027308,0.6030413958273977,-0.3964263084736598
2024-01-05 01:02:54,-0.7245549263032427,0.2593122877137548,0.3941803850501064,-0.16401742501811273
2024-01-05 01:03:00,-0.7145491812511352,0.4595981908731893,0.42512066228907225,-0.35787477890540936
2024-01-05 01:03:06,-0.7111037882548541,0.6361031342846082,0.335103791735339,0.012916913818752096
2024-01-05 01:03:12,-0.7207612864166147,0.35990265834774965,0.28485258702195526,0.29614803732394923
2024-01-05 01:03:18,-0.6543657927986182,0.566482952830496,0.1831289817579409,-0.22097515736342432
2024-01-05 01:03:24,-0.76077649429458,0.44162006122724395,0.2129357670910947,-0.11711719297728655
2024-01-05 01:03:30,-0.6392943694717186,0.3684276594426789,0.08558500731382251,-0.14905230352491533
2024-01-05 01:03:36,-0.7570161227319769,0.5167046589941101,-0.021975934879443992,0.06451486670468538
2024-01-05 01:03:42,-0.7975089526917175,1.1089230244717563,-0.08728758471099352,-0.1178352527007484
2024-01-05 01:03:48,-0.8550533370567069,0.29033028136062017,-0.15666289478507192,-0.011751744636036725
2024-01-05 01:03:54,-0.8015866792952057,0.5685694689093738,-0.22124379158758103,-0.0404277857587163
2024-01-05 01:04:00,-0.8659933039133827,0.469681447186896,-0.26482066099534474,0.20355976742873583
2024-01-05 01:04:06,-0.7498876486720265,0.3356167577860456,-0.23077630679741787,0.08611135143690979
2024-01-05 01:04:12,-0.8263694682653138,0.36497776465013787,-0.3304548275866667,0.35761834216474836
2024-01-05 01:04:18,-0.7305833967374029,-0.19595408891542407,-0.3766161435006789,0.35119638119200536
2024-01-05 01:04:24,-0.842224310455767,0.5685774965870929,-0.39584678256070077,-0.17672571234840678
2024-01-05 01:04:30,-0.8868793731223751,0.3245654741269073,-0.37898735220038693,-0.08775271379773039
2024-01-05 01:04:36,-1.0984814959761107,0.13910154628291932,-0.4148849704922085,-0.17634645898945198
2024-01-05 01:04:42,-0.7428070655181789,0.47808166882683223,-0.5180510654370003,0.05037715095171724
2024-01-05 01:04:48,-0.9822723396041747,0.3158553341820092,-0.6020793021414663,0.23439189137932073
2024-01-05 01:04:54,-0.8819569731890003,0.46341103799325184,-0.6741014424413433,0.19320087712493447
2024-01-05 01:05:00,-0.8784362786616855,0.436755495138206,-0.6330191763812711,-0.1718093858207804
2024-01-05 01:05:06,-0.773109456395703,0.5097283225305412,-0.5341595202001332,0.40021915241342076
2024-01-05 01:05:12,-0.9578860387445935,0.28162623031044554,-0.6868085893811618,0.18830372877258508
2024-01-05 01:05:18,-0.9161324594387323,0.4241403339407365,-0.5857152670308605,-0.15082985650450614
2024-01-05 01:05:24,-0.9056964524335369,0.5356588554036126,-0.6318496265091331,0.05078815652043646
2024-01-05 01:05:30,-1.1397052091494002,0.30296126621137465,-0.6812916775458988,0.029119107582451793
2024-01-05 01:05:36,-0.9517727449949704,0.46875949991124416,-0.5722056270821685,-0.052068335307736885
2024-01-05 01:05:42,-1.1122236707368014,0.29458021635501336,-0.6212857245492102,0.20443010277012366
2024-01-05 01:05:48,-1.0411896014998383,0.6726363327843605,-0.5926277744317447,0.2817642372285665
2024-01-05 01:05:54,-1.0746905787986964,0.24179913416224014,-0.6123478810631068,0.10737863996647395
2024-01-05 01:06:00,-1.0949197603596654,0.4521852104082473,-0.6090112601839172,0.3192184833715669
2024-01-05 01:06:06,-1.1234547333151956,0.31558314979877605,-0.6123143077439182,0.1634009842092287
2024-01-05 01:06:12,-1.1291168892363448,0.538944869292121,-0.5922361853400037,0.286287383744509
2024-01-05 01:06:18,-1.1064638260880637,0.34385634421134914,-0.56325900142251,0.027942965559784004
2024-01-05 01:06:24,-0.8212953791890644,0.4643457197431546,-0.5945118333728775,0.29775049000138104
2024-01-05 01:06:30,-1.0698859229148059,0.19537110057254728,-0.5909360488869375,-0.0570762911696088
2024-01-05 01:06:36,-1.0528122761503982,0.2535797440408093,-0.5927410224497954,0.34461467607081697
2024-01-05 01:06:42,-0.9569119928389904,0.13460204987050095,-0.5494180061008703,0.31159762449854683
2024-01-05 01:06:48,-1.0274982417431269,0.438214821104818,-0.5574282691982414,0.36921089187125156
2024-01-05 01:06:54,-1.012458160610914,0.6346658693474196,-0.6042156899312427,0.37798752416229936
2024-01-05 01:07:00,-1.1290679206338152,0.6387054614657164,-0.5376911767014121,0.7383787946489888
2024-01-05 01:07:06,-1.3049471097687952,0.31565054797337316,-0.576328883918977,0.38909640277827184
2024-01-05 01:07:12,-1.095810633274178,0.6602956919087064,-0.48166630071210226,0.6218849010880311
2024-01-05 01:07:18,-1.0958592841538355,0.6531480544394761,-0.5557614765290564,0.6923814382523478
2024-01-05 01:07:24,-1.0148829789748888,0.2111198516584148,-0.5395072827982329,0.17594631493303187
2024-01-05 01:07:30,-0.9263387387968615,0.29084026945501174,-0.5169262302917808,0.427040723239485
2024-01-05 01:07:36,-1.1718250084909223,0.2529904304521861,-0.6231134820233859,0.6745919458042857
2024-01-05 01:07:42,-1.216928388261828,0.5666749986124955,-0.4380977666209654,0.4111114733989308
2024-01-05 01:07:48,-1.3025329202572689,0.5143674723802653,-0.4840748244495664,0.5696218612808783
2024-01-05 01:07:54,-1.146404874046431,0.12671590163778593,-0.49900039373715827,0.4529204395206457
2024-01-05 01:08:00,-1.2886510386842533,0.24471531916999695,-0.6103898255563152,0.6920374105937422
2024-01-05 01:08:06,-1.2897043316991206,0.3381698646886525,-0.627724075171049,0.627175895339599
2024-01-05 01:08:12,-1.2122792736807986,0.12898734778218712,-0.48813743426162304,0.8900391512333911
2024-01-05 01:08:18,-1.179755473235364,0.32571491905889,-0.5706404801814202,0.4804481082992047
2024-01-05 01:08:24,-1.0346289459768123,0.5269909516741105,-0.6273484761963848,0.499731545991966
2024-01-05 01:08:30,-1.2708033056726356,0.5831878255653473,-0.7243107754921717,0.6262133669579757
2024-01-05 01:08:36,-1.256325556844246,0.44410970329790467,-0.7689821988153225,0.8464188468835057
2024-01-05 01:08:42,-1.2288210694359631,0.34606519490438303,-0.6572010865472644,0.5245911468763396
2024-01-05 01:08:48,-1.1027538414137668,0.4819267292113314,-0.7146761820660597,0.6851504599959524
2024-01-05 01:08:54,-1.273572846508312,0.5665973573376555,-0.7490285600524695,0.6622778772083946
2024-01-05 01:09:00,-1.3330869365007636,0.2730732358559588,-0.7982515682231367,0.6131754241432319
2024-01-05 01:09:06,-1.2219475864842169,0.42634572431040796,-0.7898957793118494,0.5115056868590534
2024-01-05 01:09:12,-1.3935847565265114,0.3211684518551234,-0.8582509636253665,0.29532392207284885
2024-01-05 01:09:18,-1.1780205665740107,0.6036622362244789,-0.7718102829839539,0.41706735566887765
2024-01-05 01:09:24,-1.3152095460673487,0.19778775935135068,-0.9026245255832192,0.4466099569771923
2024-01-05 01:09:30,-1.149281199330177,0.46907414900075467,-0.9320446885797774,0.4079927992263217
2024-01-05 01:09:36,-1.284823851712107,0.5381820388438034,-1.0653000220797784,0.1355311269351162
2024-01-05 01:09:42,-1.2762958052326754,0.21139727810467324,-1.0734331650711366,0.07375022671629644
2024-01-05 01:09:48,-1.5212431298249254,0.5360496291731786,-1.0853220144451554,0.37438385058602053
2024-01-05 01:09:54,-1.3929759195847757,0.2814166915338557,-1.201859927206028,-0.05685710712003622
2024-01-05 01:10:00,-1.2605443313197764,0.7463741896265128,-1.2169938575675723,-0.09310951564020606
2024-01-05 01:10:06,-1.3472859442119454,0.4623680910878517,-1.2158921956081326,0.10869496953128664
2024-01-05 01:10:12,-1.2276925128627605,0.6616744762245318,-1.2591175572267095,-0.22945736173172165
2024-01-05 01:10:18,,0.46317366373184965,-1.3224661278366265,-0.3677183353652214
2024-01-05 01:10:24,-1.3695748238645118,0.38878005655127623,-1.3026071175801133,0.029454979947411093
2024-01-05 01:10:30,-1.2275735924635383,0.5521924690001745,-1.3296009754671931,-0.14007691804485736
2024-01-05 01:10:36,-1.3190137902605195,0.32017811787608,-1.4042789567347491,-0.5050724425368166
2024-01-05 01:10:42,-1.2580511009840725,0.4804220611873383,-1.4595982804715464,-0.34736602338761235
2024-01-05 01:10:48,-1.3441292600044763,0.372324873541488,-1.468659947943423,-0.4049287094804266
2024-01-05 01:10:54,-1.1810900113739793,0.29573474622556295,-1.6040086440960626,-0.19966008985192796
2024-01-05 01:11:00,-1.555098453084755,0.3415022124515573,-1.7203264382039838,-0.557784399464313
2024-01-05 01:11:06,-1.3908530160790866,-0.06159384478035165,-1.654586363789734,-0.39272691784000746
2024-01-05 01:11:12,-1.363436984750743,0.09783905853237226,-1.6564714084163867,-0.36486664986300976
2024-01-05 01:11:18,-1.4449824395998958,0.2219330570826119,-1.759557945425951,-0.7020631253742455
2024-01-05 01:11:24,-1.5121461345898455,0.4380418664352794,-1.7748050858130282,-0.3567200525712087
2024-01-05 01:11:30,-1.1547776440343915,0.11786873500501518,-1.7788301659843955,-0.5753413182762287
2024-01-05 01:11:36,-1.235996981155056,0.47187555619598387,-1.8388963964575253,-0.5000186125963672
2024-01-05 01:11:42,-1.337942071974257,0.3326282706773387,-1.7994223065321249,-0.6398185043637709
2024-01-05 01:11:48,-1.2815321197586946,0.3035178773942566,-1.792244283068543,-0.3143675587144018
2024-01-05 01:11:54,-1.4741454293879743,0.4749000665074774,-1.8249346137190119,-0.34196868035294425
2024-01-05 01:12:00,-1.28579758753524,0.13981331718382764,-1.912653377495497,-0.4235935354228509
2024-01-05 01:12:06,-1.2503312114986902,0.1889435661315298,-1.900804838215643,-0.3312028027833285
2024-01-05 01:12:12,-1.328879837484985,0.4327280171583431,-1.9674218888187214,-0.0955494494949588
2024-01-05 01:12:18,-1.4257595187659307,0.4381890863518075,-1.9724147474650289,-0.4167033063457897
2024-01-05 01:12:24,-1.454203172518226,0.29958554582561425,-1.9088924306655601,-0.42713396409209786
2024-01-05 01:12:30,-1.3326240803185958,0.31433999077893066,-1.9668450786271634,-0.4240335191320935
2024-01-05 01:12:36,-1.311521274242004,0.15893439618408636,-1.9746036168120233,-0.3599156645507502
2024-01-05 01:12:42,-1.2979567434446764,-0.448763675405055,-1.950225710462215,-0.16230183864454356
2024-01-05 01:12:48,-1.4494784973281478,0.2232911005964091,-1.986096171634106,0.002208540753491278
2024-01-05 01:12:54,-1.1910898010253415,-0.1695231789655847,-1.8964209776429108,-0.4145992510088437
2024-01-05 01:13:00,-1.315703618189995,0.00031101624196946953,-1.8591177660431035,-0.3735576189056916
2024-01-05 01:13:06,-1.3141336367279628,0.2320879035081474,-1.760171912689276,-0.1406775607568093
2024-01-05 01:13:12,-1.3998079245509802,0.13963445869723343,-1.7841615334696406,0.15775821614882718
2024-01-05 01:13:18,-1.3408346484845188,-0.15905184753631216,-1.7627112261585833,-0.19384255791140415
2024-01-05 01:13:24,-1.2309964704605993,-0.097967439310826,,0.2132187220127295
2024-01-05 01:13:30,-1.455681740544153,0.19385950398279356,-1.7568064850636596,-0.1580974706036338
2024-01-05 01:13:36,-1.5235797017858126,0.25773087954769314,-1.5519589593261052,0.17841101324535605
2024-01-05 01:13:42,-1.5568148968311384,-0.0200052452512543,-1.6374943155991872,-0.08598066953985857
2024-01-05 01:13:48,-1.580300048912954,0.04712723353383452,-1.50593824100588,-0.04197374203042002
2024-01-05 01:13:54,-1.3761097854385969,-0.3757091622250716,-1.366072205082674,-0.06250265990835416
2024-01-05 01:14:00,-1.3483130096832758,-0.03676771218751035,-1.4489033034312868,0.13074171208410265
2024-01-05 01:14:06,-1.1831462040341596,-0.08273670387265644,-1.2206482542723294,0.034389192307586344
2024-01-05 01:14:12,-1.4722353355462172,0.04241915643557281,-1.208380675100722,-0.05989618873002628
2024-01-05 01:14:18,-1.5050725840536858,0.1315708932699827,-1.0474828960198483,0.20020003331561187
2024-01-05 01:14:24,-1.337669815558156,0.057884329055098216,-1.0543189480663564,0.17119189852843866
2024-01-05 01:14:30,-1.33824343475816,0.055367826777923485,-0.8959020507956078,0.033255129429101776
2024-01-05 01:14:36,-1.4153052738137717,-0.22364408665147806,-0.8015726174831214,0.1506671823207947
2024-01-05 01:14:42,-1.3774765899491035,-0.029006984840972444,-0.7190947879809535,-0.0013808376109710335
2024-01-05 01:14:48,-1.3120895871581197,0.04895333657735748,-0.6555923978818587,0.04789046598094829
2024-01-05 01:14:54,-1.3801198377545982,-0.3590661837402907,-0.5618319655163552,-0.05707717441701461
2024-01-05 01:15:00,-1.4328668421284252,0.02584282137124877,-0.40892783871200844,0.067297819385196
2024-01-05 01:15:06,-1.4179490480401202,-0.05016629535153189,-0.3257325573995088,0.3137650133418512
2024-01-05 01:15:12,-1.5540567047412734,-0.1276866811132903,-0.255981388808148,-0.2694075632302802
2024-01-05 01:15:18,-1.4817399362504036,-0.6118620313544358,-0.1058290476861069,-0.0502750196571171
2024-01-05 01:15:24,-1.3302754496043059,-0.4093748282317849,0.05352737845021835,-0.03325191169640962
2024-01-05 01:15:30,-1.4530402909559796,-0.34846977451549793,0.06640227744981733,-0.007889923251319444
2024-01-05 01:15:36,-1.449929295801686,-0.6293285150413815,0.21396941765285554,-0.01353539485721255
2024-01-05 01:15:42,-1.5064427263226101,-0.1666749526438177,0.30510641187553605,0.22460278646533735
2024-01-05 01:15:48,-1.2192560389949034,-0.6393895880329701,0.48936863809541725,0.5048227993497814
2024-01-05 01:15:54,-1.471586872007545,-0.7159797839659622,0.6390420385110913,0.1156733389089177
2024-01-05 01:16:00,-1.377397990820575,-0.7268190290934344,0.715587941154876,0.07520794812382992
2024-01-05 01:16:06,-1.3220229334169957,-0.13332998809166557,0.8637294875036426,0.21753152481454982
2024-01-05 01:16:12,-1.4288046817597784,-0.3888332876093522,1.0146158228727187,-0.10113831770387512
2024-01-05 01:16:18,-1.3272849948802687,-0.5897676422484737,1.1447963301677917,0.43076943433589454
2024-01-05 01:16:24,-1.3972276008006892,-0.622369345127206,1.254211783368322,0.21222371921115574
2024-01-05 01:16:30,-1.4637199128037794,-0.8810023430407321,1.3453322806211987,0.08237906795042804
2024-01-05 01:16:36,-1.426822368093889,-0.630878087135754,1.4913100602449911,0.3541640991489785
2024-01-05 01:16:42,-1.2680182135464484,-0.5998692065210245,1.6238165228408874,0.6781238410961783
2024-01-05 01:16:48,-1.436345570594207,-0.5475024934406378,1.7678372685502186,0.3215325731152351
2024-01-05 01:16:54,-1.2648242823972873,-0.8351381161540745,1.7514923088264607,0.3572753549750993
2024-01-05 01:17:00,-1.493747963970679,-0.8317305008812885,1.818947261885977,0.5948307672388782
2024-01-05 01:17:06,-1.3606641069892111,-0.6627979866278367,1.982736606180496,0.500419980588388
2024-01-05 01:17:12,-1.363387556354713,-0.7245025526306124,2.0575155591810876,0.5581810779104375
2024-01-05 01:17:18,-1.4174096301929375,-0.7893526968121227,2.2372370680878095,0.35184303070184486
2024-01-05 01:17:24,-1.3678499292740904,-0.8786789803086501,2.272651787348757,0.7194364926542394
2024-01-05 01:17:30,-1.3193535183862142,-1.023481757115633,2.4494057854819626,0.4813703734575481
2024-01-05 01:17:36,-1.1062549761996856,-1.047190248237616,2.504067018659392,0.4606759958427379
2024-01-05 01:17:42,-1.3398239969391939,-0.9524781531929896,2.4623153226622954,0.43350735151903336
2024-01-05 01:17:48,-1.3161904179572244,-0.5021877427570551,2.656832358879191,0.7171901987706574
2024-01-05 01:17:54,-1.2931643558623014,-1.0982768704141876,2.7101518881114606,0.7590857414090897
2024-01-05 01:18:00,-1.352464805211275,-0.8837759997144633,2.853362870958627,0.7506408996585192
2024-01-05 01:18:06,-1.1374974445241788,-1.132111575107184,2.800909189646471,0.6705437180604451
2024-01-05 01:18:12,-1.425688496632302,-0.8353032609245286,2.974921004543786,0.5999517207366066
2024-01-05 01:18:18,-1.296070045970602,-1.1140461638039696,2.9026075083973435,0.8315332133135237
2024-01-05 01:18:24,-1.416728113554044,-1.2184107039140881,2.981337674072254,0.6600330372668564
2024-01-05 01:18:30,-1.3166909925974797,-0.9910228538354462,2.9974344080496858,0.6480474815632598
2024-01-05 01:18:36,-1.2407367664437552,-0.9544102681723916,3.0138007617686435,0.6847000732901433
2024-01-05 01:18:42,-1.380835051653484,-1.4487525152387506,2.9529172777776007,0.6713966481356294
2024-01-05 01:18:48,-1.345415962113929,-1.3673504627016875,3.0970342945316256,0.9880131294094774
2024-01-05 01:18:54,-1.283467712501481,-1.2527215137450183,3.1140503020110426,0.47495643974665125
2024-01-05 01:19:00,-1.3301911669167612,-1.3563937605364058,3.114694529191862,0.6581629929398456
2024-01-05 01:19:06,-1.1298766492659407,-1.2512407429410577,3.1679745956128875,0.3572864902674789
2024-01-05 01:19:12,-1.266797589164304,-1.074754276689916,3.000812271826272,0.4646646990018021
2024-01-05 01:19:18,-1.3007319806857798,-1.5867377501313134,3.009824004734503,0.43394536627547303
2024-01-05 01:19:24,-1.2918969055109102,-1.5317970189592476,3.0895054696444433,0.44218829175867963
2024-01-05 01:19:30,-1.1900279654469983,-1.0560098773287607,3.0803846954674894,0.3286129554330523
2024-01-05 01:19:36,-1.4665839794505242,-1.3065012097181012,2.963454128164986,0.3461923412031489
2024-01-05 01:19:42,-1.3939069849012529,-1.3198761310194613,2.9746802997120696,0.15561544019280377
2024-01-05 01:19:48,-1.3226131925605793,-1.5329536415155616,2.9189805646133444,0.06207869271269972
2024-01-05 01:19:54,-1.2681148830242894,-1.4364918013761527,2.9073452327562563,0.1688592160029429
2024-01-05 01:20:00,-1.1634400096780908,-1.3128769834126273,2.792315535821791,0.038884208927140805
2024-01-05 01:20:06,-1.0487930781216959,-1.397198359153692,2.7868839711045776,-0.026628518172953815
2024-01-05 01:20:12,-1.273990316702318,-1.343711483998059,2.668297535021626,-0.27768125812648814
2024-01-05 01:20:18,-1.3277955881212953,-1.440426184819599,2.75471769358297,0.0872363645899644
2024-01-05 01:20:24,-1.2066191612135788,-1.4572894195628332,2.6270063005612876,-0.42286740440513293
2024-01-05 01:20:30,-1.2461682277040549,-1.6903791586193695,2.5181398643982957,-0.3470689740265768
2024-01-05 01:20:36,-1.193794183549434,-1.2173593047681661,2.481477681812017,-0.3785333938998471
2024-01-05 01:20:42,-1.2086055202974881,-1.604676546868538,2.4427386855836666,-0.16551524357201527
2024-01-05 01:20:48,-1.3399430088499404,-1.4824478267096102,2.353660028728094,-0.6388640181711939
2024-01-05 01:20:54,-1.3071546576614443,-1.726544515801692,2.3189908959486067,-0.3893419773424231
2024-01-05 01:21:00,-1.3137393774729642,-1.4573017439586307,2.1908396381099675,-0.6817705722847868
2024-01-05 01:21:06,-1.142061049499912,-1.572565086363186,2.141128751939595,-0.698626126551811
2024-01-05 01:21:12,-1.014721389177321,-1.466138963820838,1.99403768179581,-0.6785169682086939
2024-01-05 01:21:18,-1.2138004557182818,-1.9173037799702695,1.897354608164585,-0.40943215802377153
2024-01-05 01:21:24,-1.028014537533608,-1.5381797307456475,1.881812601547046,-0.23227678662927145
2024-01-05 01:21:30,-1.0565006715112253,-1.5935414676551398,1.7875270926934452,-0.47826345353509614
2024-01-05 01:21:36,-1.1826056454399476,-2.0212011474246587,1.7072610902529455,-0.616025156319768
2024-01-05 01:21:42,-1.093238683543997,-1.9195178438758214,1.5095731849805454,-0.3782538051527237
2024-01-05 01:21:48,-1.141852536653308,-1.5153081432805715,1.4949338122984686,-0.5922986660813041
2024-01-05 01:21:54,-1.206358421497609,-1.762692701465565,1.3424020367256724,-0.6480135260375061
2024-01-05 01:22:00,-1.0221209345614504,-1.4570005791074883,1.273317284989564,-0.6624267602301736
2024-01-05 01:22:06,-1.015853814435037,-1.788678626386652,1.170029765977299,-0.6500758505124423
2024-01-05 01:22:12,-1.1767074230994625,,1.058906435398781,-0.3909710614592685
2024-01-05 01:22:18,-1.2332480514478488,-1.5484793591554546,0.9310576456305227,-0.4488190219600642
2024-01-05 01:22:24,-0.9916721589594424,-1.8197523130807678,0.8986885098587141,-0.44368861348931987
2024-01-05 01:22:30,-0.9868047921915032,-1.6871382039610443,0.7952650111361443,-0.4254825677529697
2024-01-05 01:22:36,-0.9945696565790765,-1.8478298320770623,0.8558295578781709,-0.626843682786155
2024-01-05 01:22:42,-1.1579272444169335,-2.0951079355628774,0.791920593836192,-0.4671645113121511
2024-01-05 01:22:48,-1.010483962096813,-2.34047501649034,0.47633492758551993,-0.45507470997860533
2024-01-05 01:22:54,-0.8616452849606356,-2.0409657028484687,0.5557066233554133,-0.2731642554137127
2024-01-05 01:23:00,-1.0692238367481455,-2.0304358352889453,0.5014990616030064,-0.21937857681735587
2024-01-05 01:23:06,-1.0454030386072608,-2.1277498811761353,0.3238548621882974,-0.18298484278328586
2024-01-05 01:23:12,-1.141890040367849,-1.9818937506107015,0.32426270909486116,-0.15122228264072263
2024-01-05 01:23:18,-1.0799621352156683,-1.3821509588299572,0.2229817227267223,-0.19449612433051816
2024-01-05 01:23:24,-0.9255552033200158,-2.2797196426209116,0.10027787750336739,0.02349010156599604
2024-01-05 01:23:30,-1.0777548409349538,-1.591743406572727,-0.0031173197263018315,-0.5297384049659749
2024-01-05 01:23:36,-0.8146426000170117,-1.481220216395501,0.02832852897013216,-0.16526128904135245
2024-01-05 01:23:42,-1.0626641848256038,-1.9778657697864357,-0.13997372478401884,-0.20632386245703754
2024-01-05 01:23:48,-0.7856028878723594,-2.032745480851096,-0.09946142406934097,-0.08638713741701623
2024-01-05 01:23:54,-0.896289785987464,-1.9438330035203613,-0.0980947648589294,0.21416236119665366
2024-01-05 01:24:00,-0.9294905499575457,-2.0506694958878144,-0.2578612258439486,0.2187834998529727
2024-01-05 01:24:06,-1.1164928318400476,-2.0264379601861666,-0.24643066842842537,0.03541029372550612
2024-01-05 01:24:12,-0.9680254277721534,-2.007405507357735,-0.2768454589462132,
2024-01-05 01:24:18,-0.8989061293858092,-1.9967881698601613,-0.3861861622114379,-0.15386734987762757
2024-01-05 01:24:24,-0.742420150922733,-1.5513667542891918,-0.3819381348497672,0.27591176583552246
2024-01-05 01:24:30,-0.9538832882647748,-2.1123446496105864,-0.3494003289691128,0.2506022910848309
2024-01-05 01:24:36,-0.8722340945455742,-2.2251290576513907,-0.4255981871024885,0.43270687893683335
2024-01-05 01:24:42,-0.9047980895351536,-1.7820624650928747,-0.48500998951733165,0.38009409187311133
2024-01-05 01:24:48,-0.823207048664087,-1.7078563159625353,-0.4630963264354495,0.357709950216329
2024-01-05 01:24:54,-0.7974606716045691,-2.2923533960232074,-0.42334872337494356,0.043340880514551657
2024-01-05 01:25:00,-0.6603421756925041,-1.7734263008105267,-0.5401770375153643,0.03158533991233818
2024-01-05 01:25:06,-0.9255472865701672,-1.7233631560291025,-0.6806745768043849,-0.051460250637027735
2024-01-05 01:25:12,-0.6167410317509521,-1.6472666044438768,-0.5255640485185037,0.042486015395058266
2024-01-05 01:25:18,-0.7405483051879168,-1.8108559315886927,-0.6211214427200483,-0.2236784253822766
2024-01-05 01:25:24,-0.816767926243011,-1.8374677228780456,-0.5994219976963605,0.044823909638656456
2024-01-05 01:25:30,-0.8845173504227496,-2.0036932340408478,-0.4848872093711303,0.07841483223316356
2024-01-05 01:25:36,-0.9034472602946985,-1.9122468303859148,-0.5372625528213183,-0.08395240036122692
2024-01-05 01:25:42,-0.909241278683062,-1.933264635354222,-0.5705811801656725,0.20155935197513397
2024-01-05 01:25:48,-0.7495354079573635,-1.850710213142776,-0.6578747564776477,0.033255644077897314
2024-01-05 01:25:54,-0.8185673769020542,-1.7004845687936831,-0.6027641483446291,0.14072760952047228
2024-01-05 01:26:00,-0.5228569376532268,-1.7678297327320263,-0.6125555542199801,0.21143587573386013
2024-01-05 01:26:06,-0.73841714624141,-2.0690849960034585,-0.5786060626663245,0.13318576342461708
2024-01-05 01:26:12,-0.7079998854169239,-2.077574557643104,-0.6414039412472048,0.3703529445688297
2024-01-05 01:26:18,-0.6393268701886508,-1.8927581161524483,-0.5368036477200342,-0.02534654864918054
2024-01-05 01:26:24,-0.6330977694936358,-2.008278587804298,-0.5516925469677366,-0.04520410232468584
2024-01-05 01:26:30,-0.6623452756322539,-1.642028532288477,-0.5983137636541349,0.29959827383673776
2024-01-05 01:26:36,-0.8507325248795263,-1.9046254425358258,-0.45228979092835675,0.13109046488374165
2024-01-05 01:26:42,-0.5647396510373015,-1.7806379348179453,-0.5219891989789193,0.18341485485624
2024-01-05 01:26:48,-0.6357795666345929,-1.791648812017307,-0.534000641327446,0.3386281165371565
2024-01-05 01:26:54,-0.6953640714330476,-1.6699304581746481,-0.6271784489321905,0.23953241889452076
2024-01-05 01:27:00,-0.6827744562745729,-1.5554179222299382,-0.5595370995209121,0.3101969769855328
2024-01-05 01:27:06,-0.6594554706241873,-1.5618821593505452,-0.5620008933711407,0.2317400528883296
2024-01-05 01:27:12,-0.6712238602145156,-1.5624582436838523,-0.5420216148982174,0.2233511087582886
2024-01-05 01:27:18,-0.7558767324059844,-1.8627059937308825,-0.49269791285678355,0.5113923404248857
2024-01-05 01:27:24,-0.7188954209638739,-1.3941751464317063,-0.5109201974216973,0.686376036034414
2024-01-05 01:27:30,-0.6556348166740402,-1.2650961786663781,-0.5171692358021799,0.3944923833648754
2024-01-05 01:27:36,-0.59972241365395,-1.495798515194828,,0.5462180249316553
2024-01-05 01:27:42,-0.6851163013228595,-1.6399338482769992,-0.5220920740122029,0.6924125960523657
2024-01-05 01:27:48,-0.675709605869705,-1.2787751504395053,-0.5272901938896323,0.6985929354239123
2024-01-05 01:27:54,-0.5595714182806619,-1.9040419408991394,-0.3783167614132017,0.6210243629512786
2024-01-05 01:28:00,-0.8101795794007378,-1.532511236713024,-0.5611764361309468,0.5026826205383528
2024-01-05 01:28:06,-0.6269023639279218,-1.4162947402010766,-0.5337006240164333,0.448094686857444
2024-01-05 01:28:12,-0.667706151068266,-1.5804415694607432,-0.49945912602936793,0.7175413149570105
2024-01-05 01:28:18,-0.49758242922193263,-1.4243472673070376,-0.48274744247531254,0.8161555525255182
2024-01-05 01:28:24,-0.4886567151935781,-1.3468462497080842,-0.6183614236270221,0.6054221828983011
2024-01-05 01:28:30,-0.4842892933039421,-1.6692228331096788,-0.6578817504241854,0.647623221001202
2024-01-05 01:28:36,-0.470499955607613,-1.3920698725121545,-0.5783714678173071,0.5952424693604698
2024-01-05 01:28:42,-0.4816104376676278,-1.1170488592618213,-0.6350324106207019,0.5245989549932087
2024-01-05 01:28:48,-0.27177009847066624,-1.4237707785861478,-0.5934672524191714,0.8785997736195327
2024-01-05 01:28:54,-0.10349950335597063,-1.093482971752789,-0.6381135583742916,0.5172834587533144
2024-01-05 01:29:00,-0.5865029248684726,-0.9938947381869332,-0.7687953264119362,0.6704056810364301
2024-01-05 01:29:06,-0.08679056433540705,-1.1814781335261766,-0.8036265847998325,0.6704803180484746
2024-01-05 01:29:12,-0.42368873697598525,-1.3205622880026628,-0.8330749793435605,0.41799452075871696
2024-01-05 01:29:18,-0.27734532591094163,-1.0847944592339918,-0.8552324326745971,0.4709679551390521
2024-01-05 01:29:24,-0.3888924333175433,-1.3388839230528655,-0.8540354261257932,0.5111801672568571
2024-01-05 01:29:30,-0.5497351450248004,-1.4878036212818944,-0.8299250842236838,0.5147632416590013
2024-01-05 01:29:36,-0.515147410084339,-0.96732102985985,-0.9368122082309621,0.06305718258000578
2024-01-05 01:29:42,-0.3284779074764427,-0.8846722105687428,-0.9281682990082738,0.0655690810438233
2024-01-05 01:29:48,-0.2850387098405017,-0.9026147113774832,-1.024084802132836,0.3019578836886544
2024-01-05 01:29:54,-0.3365465123580582,-0.9660506556043114,-0.9895666431337795,-0.21490737307092178
2024-01-05 01:30:00,-0.27406791664046304,-0.8957745965267843,-1.0617024378627105,-0.03756828806418207
2024-01-05 01:30:06,-0.24894287184344,-0.21077442523524123,-1.139762752551687,0.045050930507064574
2024-01-05 01:30:12,-0.23781916720912466,-1.3568587188480121,-1.2017202378103948,-0.41181006740335974
2024-01-05 01:30:18,-0.13353286164877876,-1.0659278433746129,-1.281877338681937,0.06795267012720838
2024-01-05 01:30:24,-0.21650884756929176,-0.8740326085230772,-1.3942716372650004,-0.3995878565440216
2024-01-05 01:30:30,-0.015029708975528133,-0.47313587597891216,-1.2623605061596521,-0.21196721723168224
2024-01-05 01:30:36,-0.2892311769216695,-0.21930565217749845,-1.3267810289028068,-0.38498064702247914
2024-01-05 01:30:42,-0.21001609114091585,-0.7266690723357565,-1.2989544622915155,-0.28667083089213363
2024-01-05 01:30:48,-0.44060518793193004,-0.3861476131023808,-1.376893027678074,-0.407811143566387
2024-01-05 01:30:54,-0.1391081394806256,-0.5840032834264003,-1.5011594943618058,-0.6507104961141676
2024-01-05 01:31:00,-0.2967661830025929,-0.5805850815802821,-1.6020038466653768,-0.31291412431822263
2024-01-05 01:31:06,-0.13793259633973648,-0.3743388222511064,-1.5892858263944498,-0.3307654514540121
2024-01-05 01:31:12,-0.11573884508709362,-0.5587057755457552,-1.6356252067136052,-0.3959677027088709
2024-01-05 01:31:18,-0.1975183724002479,-0.37126596268794926,-1.7230922633535404,-0.5881003573051757
2024-01-05 01:31:24,-0.1874486940236047,-0.38954236948689713,-1.801640143526047,-0.4650986685410242
2024-01-05 01:31:30,-0.24369731782830784,-0.1123039333802009,-1.7211340043146546,-0.7965839834095149
2024-01-05 01:31:36,-0.1920080217034093,-0.4284161995884843,-1.8664611410250533,-0.4524092072593184
2024-01-05 01:31:42,-0.1133513361624652,-0.35841400864859096,-1.807804748592834,-0.693976458027492
2024-01-05 01:31:48,-0.2504958085804383,-0.30683002344315297,-1.8968499984482963,-0.5831376604188874
2024-01-05 01:31:54,0.013698517567147836,0.047888912544566176,-1.838736700957703,-0.2481173487129058
2024-01-05 01:32:00,-0.21994746576064456,-0.5273169765660016,-1.94030165251963,-0.6958652062898993
2024-01-05 01:32:06,-0.15737639638332593,-0.25607775867551086,-1.9066942301731047,-0.6245533283631407
2024-01-05 01:32:12,-0.05714025809203542,-0.04073645086128444,-1.8447273584192299,-0.40942500054331615
2024-01-05 01:32:18,0.027466101554107697,0.004839265086419908,-1.8024574903972606,-0.4945161495407834
2024-01-05 01:32:24,-0.04237917463474253,0.011398481770017427,-1.9610073238984793,-0.775020484405774
2024-01-05 01:32:30,-0.08513132095101826,-0.09222630381478647,-1.8571617515285679,-0.16705730907383684
2024-01-05 01:32:36,0.09622676855405693,0.2318002004629949,-1.885233806388554,-0.25838868393783665
2024-01-05 01:32:42,-0.17818143054781663,-0.19901443358063536,-1.9010938205786307,-0.5322659234114682
2024-01-05 01:32:48,-0.22923825412673732,0.19669859526309602,-1.817880964610205,-0.5140632311385641
2024-01-05 01:32:54,0.01710493442322089,0.47813416826733013,-1.9115198234945332,-0.16869706598939016
2024-01-05 01:33:00,0.08386315950027251,-0.10305681816184298,-1.848031316509541,-0.26387281492165043
2024-01-05 01:33:06,0.10026870986826945,0.2338290150544985,-1.847242803329872,-0.30142284357035004
2024-01-05 01:33:12,-0.021672399806425602,0.006798911998238066,-1.839396430359593,0.15850042952592924
2024-01-05 01:33:18,0.20032733789297424,0.12414158256042915,-1.766835737634317,-0.1536319678007398
2024-01-05 01:33:24,-0.10771316443953094,0.2796287711768668,-1.6232678730842536,0.015908396581477496
2024-01-05 01:33:30,0.033482489502349805,0.47185957641158427,-1.5680665526583988,-0.13889340656054597
2024-01-05 01:33:36,0.023759143287269205,0.2416175037280346,-1.641737064138789,-0.05479819319894176
2024-01-05 01:33:42,0.0374277716959088,0.41539412152068056,-1.5796634401127736,-0.11076392731124551
2024-01-05 01:33:48,0.10437042719183268,0.6317998537504813,-1.410263543422812,0.07701682439136703
2024-01-05 01:33:54,-0.029983881634293857,0.7399599135000853,-1.3587447219512603,0.059756469326213146
2024-01-05 01:34:00,0.06325730431404117,0.4836613287761766,-1.2855389025012642,0.1935995514468007
2024-01-05 01:34:06,0.32052521987014193,0.5760608973969262,-1.2673116881877533,0.021786127659852335
2024-01-05 01:34:12,0.044761334624774246,1.0675590918643691,-1.1160821207001137,-0.04785194420098144
2024-01-05 01:34:18,0.00651372859955654,0.644270442102384,-0.9789938140448426,0.1139239250458825
2024-01-05 01:34:24,-0.019665659258729026,0.48158329524754423,-0.9624842170256085,0.02965528034120782
2024-01-05 01:34:30,0.16365639528428033,0.6731777769988303,-0.9096090152566005,-0.055649819258997715
2024-01-05 01:34:36,0.11214729730105273,0.717964036032153,-0.7497743782693939,0.10645268097099245
2024-01-05 01:34:42,0.20644798852956384,0.8626536620444241,-0.7024185305802112,0.05238528501369596
2024-01-05 01:34:48,0.25239924105221745,0.9331884413492895,-0.5561096044153697,0.07084640523616317
2024-01-05 01:34:54,0.176409307182923,1.3130564038984769,-0.4445108563124348,
2024-01-05 01:35:00,,0.9102279001876995,-0.39890772267614005,0.030079913956181967
2024-01-05 01:35:06,0.11052862479569173,0.8669096865046588,-0.2933647043979507,0.1771861137517201
2024-01-05 01:35:12,0.22818406182694995,1.1177074488009817,-0.14813174672823326,0.20012940336071286
2024-01-05 01:35:18,0.27605508168254267,1.067281861006047,-0.05828999156984391,-0.10725804737723213
2024-01-05 01:35:24,0.41988922914426263,1.076561251778057,0.13652521592037992,-0.01124850103801351
2024-01-05 01:35:30,0.27521875942681595,1.4451353305975463,0.1925747174227984,-0.056440585031428396
2024-01-05 01:35:36,0.25892965753238983,1.5464093396842462,0.36224999006532854,-0.32327830259698476
2024-01-05 01:35:42,0.29632447953095026,1.1085744954627472,0.3921538436922646,0.0338507769762688
2024-01-05 01:35:48,0.192025373065909,1.1620317034664056,0.4691942594305973,-0.1668675446143889
2024-01-05 01:35:54,0.3375348405824041,1.2335194813815284,0.7712777784379549,0.05414154429055225
2024-01-05 01:36:00,0.20596146097542853,1.2869651409476877,0.8479509440602733,0.18130863729166172
2024-01-05 01:36:06,0.3347406023384517,1.0928323951578176,0.9030372245430192,-0.09450407188010136
2024-01-05 01:36:12,0.41887126803058383,1.3636498491535423,1.0577898273129547,0.25344066804710097
2024-01-05 01:36:18,0.5629354576866952,1.2263597785283755,1.173436881922599,0.07381322787638711
2024-01-05 01:36:24,0.33843792023887276,1.5022155939460866,1.2652808385053071,0.09562822447021935
2024-01-05 01:36:30,0.3251177146808727,1.2826894560146243,1.414793546423572,0.29498615420290125
2024-01-05 01:36:36,0.4296794730825366,1.4901374142246484,1.4580830009860732,0.23749693389288434
2024-01-05 01:36:42,0.3389648564700457,1.4042602702657923,1.6382149966551085,0.27824153658612055
2024-01-05 01:36:48,0.40578246087679654,1.3663209839530772,1.7707118870601808,0.41583103079957395
2024-01-05 01:36:54,0.5068377141159897,1.6522494462574744,1.8804368566991476,0.6101106925733888
2024-01-05 01:37:00,0.3381951714461604,1.355613232456534,1.990967557867693,0.7290817257076521
2024-01-05 01:37:06,0.6013651736691377,1.1784378980712533,2.0996950061456467,0.722318826181064
2024-01-05 01:37:12,0.41322838682408913,1.8656116258169646,2.111027228158665,0.39499618131283176
2024-01-05 01:37:18,0.4253146733925222,1.2738102052643991,2.2009713031747764,0.8684605993447739
2024-01-05 01:37:24,0.4936005505478377,1.6154846610420441,2.3134901510574126,0.5086151162136892
2024-01-05 01:37:30,0.41358874848337746,1.6788605457570356,2.472008609975411,0.24593432838080717
2024-01-05 01:37:36,0.4072609689427893,1.6226447622253164,2.5677072145228315,0.3893522416438164
2024-01-05 01:37:42,0.4276638636788167,1.8837213856979285,2.605571323932404,0.7811243112246273
2024-01-05 01:37:48,0.46924005556932047,1.501692367233599,2.671049608078561,0.8922596396195503
2024-01-05 01:37:54,0.495391686710219,1.9748339491457676,2.679968081598982,0.48938757843579805
2024-01-05 01:38:00,0.3526942495962083,1.92128390822298,2.8344888947126123,0.5503761264010739
2024-01-05 01:38:06,0.5621607148624627,1.5712646644867763,2.9107812305966263,0.5925688014924102
2024-01-05 01:38:12,0.5118989227750086,1.8455088179297505,2.917145073047501,1.041544687399758
2024-01-05 01:38:18,0.42176724610070526,1.4911808346529878,2.955274937912298,0.8949522480898662
2024-01-05 01:38:24,0.6716455536965185,1.9753656941961177,3.053587598078448,0.515617139694242
2024-01-05 01:38:30,0.4172494635068504,1.8237862215013783,3.1024017345196224,0.998644156236578
2024-01-05 01:38:36,0.5138175013618195,1.5841693859149464,3.0276070343749617,0.5444346326087631
2024-01-05 01:38:42,0.3728307238267814,1.612645668897974,3.0272173971111145,0.7995957767841706
2024-01-05 01:38:48,0.48137711092353896,1.696596663147445,3.1552652789624767,0.5585907063297287
2024-01-05 01:38:54,0.6930506661226481,1.494627943217054,3.1222878746092766,0.7810681118761874
2024-01-05 01:39:00,0.5394014354611407,1.8440620670702563,3.1314226006750534,0.42767855395725907
2024-01-05 01:39:06,0.5283250099509607,2.0553116384664114,3.169526438390594,0.49083676561536116
2024-01-05 01:39:12,0.6055472068253599,1.531626542411878,3.1331576829816337,0.33214773339256426
2024-01-05 01:39:18,0.4361622348831003,1.9163396743568515,3.020038306157088,0.3861737801444357
2024-01-05 01:39:24,0.5130486559620289,1.8154035676184292,3.125741982355327,0.5247311297671131
2024-01-05 01:39:30,0.7348551282840372,1.9750485643224813,3.0995757811430353,0.09278965138492537
2024-01-05 01:39:36,0.6216770999329944,2.6146275576331406,3.0286231542616218,0.405729851669748
2024-01-05 01:39:42,0.6756518297173274,1.875061644057931,3.0289832413154216,0.05093398920223642
2024-01-05 01:39:48,0.626157790617701,1.8992803381774082,3.0463515519005417,0.16162752601061625
2024-01-05 01:39:54,0.6796499810716465,1.9035052817781506,2.967674341485009,-0.05397357625527335
